{"cameraMode":{"drawMode":0,"name":"Shaded","section":"Shading Mode"},"sceneLighting":true,"audioPlay":false,"sceneViewState":{"showFog":true,"showMaterialUpdate":false,"showSkybox":false,"showFlares":true,"showImageEffects":true,"showParticleSystems":true},"in2DMode":false,"pivot":{"x":27.103782653808595,"y":2.6377716064453127,"z":1.5028407573699952},"rotation":{"x":-0.06385854631662369,"y":0.5666329264640808,"z":0.04411077871918678,"w":0.8203063607215881},"size":2.8801844120025636,"orthographic":false}