{"cameraMode":{"drawMode":0,"name":"Shaded","section":"Shading Mode"},"sceneLighting":true,"audioPlay":false,"sceneViewState":{"showFog":true,"showMaterialUpdate":false,"showSkybox":false,"showFlares":true,"showImageEffects":true,"showParticleSystems":true},"in2DMode":false,"pivot":{"x":29.561498641967775,"y":22.131925582885743,"z":-15.440814971923829},"rotation":{"x":0.0033568418584764005,"y":0.9896300435066223,"z":0.023448921740055085,"w":-0.14168091118335725},"size":4.092981338500977,"orthographic":false}