{"cameraMode":{"drawMode":0,"name":"Shaded","section":"Shading Mode"},"sceneLighting":true,"audioPlay":false,"sceneViewState":{"showFog":true,"showMaterialUpdate":false,"showSkybox":false,"showFlares":true,"showImageEffects":true,"showParticleSystems":true},"in2DMode":false,"pivot":{"x":374.51123046875,"y":212.23497009277345,"z":-32.74862289428711},"rotation":{"x":-0.15876969695091248,"y":0.4574289321899414,"z":-0.08338452875614166,"w":-0.8709759712219238},"size":25.693572998046876,"orthographic":false}