{"cameraMode":{"drawMode":0,"name":"Shaded","section":"Shading Mode"},"sceneLighting":true,"audioPlay":false,"sceneViewState":{"showFog":true,"showMaterialUpdate":false,"showSkybox":false,"showFlares":true,"showImageEffects":true,"showParticleSystems":true},"in2DMode":false,"pivot":{"x":37.7874755859375,"y":272.3808288574219,"z":-265.9599914550781},"rotation":{"x":-0.12937906384468079,"y":0.8701972961425781,"z":-0.35040608048439028,"w":-0.32129964232444765},"size":51.00228500366211,"orthographic":false}