{"cameraMode":{"drawMode":0,"name":"Shaded","section":"Shading Mode"},"sceneLighting":true,"audioPlay":false,"sceneViewState":{"showFog":true,"showMaterialUpdate":false,"showSkybox":true,"showFlares":true,"showImageEffects":true,"showParticleSystems":true},"in2DMode":false,"pivot":{"x":-5.0221405029296879,"y":-8.476215362548829,"z":-6.460174560546875},"rotation":{"x":-0.07693871110677719,"y":0.8962951898574829,"z":-0.1717337816953659,"w":-0.40155062079429629},"size":68.74652099609375,"orthographic":false}