{"cameraMode":{"drawMode":0,"name":"Shaded","section":"Shading Mode"},"sceneLighting":true,"audioPlay":false,"sceneViewState":{"showFog":true,"showMaterialUpdate":false,"showSkybox":false,"showFlares":true,"showImageEffects":true,"showParticleSystems":true},"in2DMode":false,"pivot":{"x":104.07299041748047,"y":10.955903053283692,"z":54.71209716796875},"rotation":{"x":-0.0934971272945404,"y":-0.31453460454940798,"z":0.031149709597229959,"w":-0.9441159963607788},"size":-3.782959461212158,"orthographic":false}