{"cameraMode":{"drawMode":0,"name":"Shaded","section":"Shading Mode"},"sceneLighting":true,"audioPlay":false,"sceneViewState":{"showFog":true,"showMaterialUpdate":false,"showSkybox":false,"showFlares":true,"showImageEffects":true,"showParticleSystems":true},"in2DMode":false,"pivot":{"x":-77.81340789794922,"y":0.2936350107192993,"z":-74.85395812988281},"rotation":{"x":0.27032002806663515,"y":0.5912262201309204,"z":-0.21971413493156434,"w":0.7273967862129211},"size":19.193016052246095,"orthographic":false}