{"cameraMode":{"drawMode":0,"name":"Shaded","section":"Shading Mode"},"sceneLighting":false,"audioPlay":false,"sceneViewState":{"showFog":true,"showMaterialUpdate":false,"showSkybox":false,"showFlares":true,"showImageEffects":true,"showParticleSystems":true},"in2DMode":false,"pivot":{"x":0.12799978256225587,"y":3.408999443054199,"z":0.2690000534057617},"rotation":{"x":0.2611933946609497,"y":-0.018826160579919816,"z":0.005095171742141247,"w":0.9650894999504089},"size":12.12435531616211,"orthographic":false}