{"cameraMode":{"drawMode":0,"name":"Shaded","section":"Shading Mode"},"sceneLighting":true,"audioPlay":false,"sceneViewState":{"showFog":true,"showMaterialUpdate":false,"showSkybox":true,"showFlares":true,"showImageEffects":true,"showParticleSystems":true},"in2DMode":false,"pivot":{"x":-755.9306640625,"y":-13.632713317871094,"z":-486.0340270996094},"rotation":{"x":-0.020146528258919717,"y":0.9295247197151184,"z":-0.36460843682289126,"w":-0.05136110633611679},"size":46.48212814331055,"orthographic":false}