{"cameraMode":{"drawMode":0,"name":"Shaded","section":"Shading Mode"},"sceneLighting":false,"audioPlay":false,"sceneViewState":{"showFog":true,"showMaterialUpdate":false,"showSkybox":false,"showFlares":true,"showImageEffects":true,"showParticleSystems":true},"in2DMode":false,"pivot":{"x":0.0,"y":0.8685539960861206,"z":0.007383584976196289},"rotation":{"x":-0.07602331787347794,"y":0.049331631511449817,"z":0.003765897359699011,"w":0.9958781599998474},"size":2.1038339138031008,"orthographic":false}