{"cameraMode":{"drawMode":0,"name":"Shaded","section":"Shading Mode"},"sceneLighting":true,"audioPlay":false,"sceneViewState":{"showFog":true,"showMaterialUpdate":false,"showSkybox":false,"showFlares":true,"showImageEffects":true,"showParticleSystems":true},"in2DMode":false,"pivot":{"x":20.615007400512697,"y":32.31028366088867,"z":9.928175926208496},"rotation":{"x":-0.030870595946907998,"y":-0.030884886160492898,"z":-0.0009558321908116341,"w":0.9990440607070923},"size":-2.8273801803588869,"orthographic":false}