{"cameraMode":{"drawMode":0,"name":"Shaded","section":"Shading Mode"},"sceneLighting":true,"audioPlay":false,"sceneViewState":{"showFog":true,"showMaterialUpdate":false,"showSkybox":false,"showFlares":true,"showImageEffects":true,"showParticleSystems":true},"in2DMode":false,"pivot":{"x":0.26240015029907229,"y":8.475000381469727,"z":1.7309999465942383},"rotation":{"x":0.2611933946609497,"y":-0.018826160579919816,"z":0.005095171742141247,"w":0.9650894999504089},"size":12.12435531616211,"orthographic":false}