{"cameraMode":{"drawMode":0,"name":"Shaded","section":"Shading Mode"},"sceneLighting":true,"audioPlay":false,"sceneViewState":{"showFog":true,"showMaterialUpdate":false,"showSkybox":false,"showFlares":true,"showImageEffects":true,"showParticleSystems":true},"in2DMode":false,"pivot":{"x":-100.36380767822266,"y":17.779294967651368,"z":-176.7605743408203},"rotation":{"x":0.18742476403713227,"y":-0.3587704002857208,"z":0.07377669960260391,"w":0.9114355444908142},"size":1.016183614730835,"orthographic":false}