{"cameraMode":{"drawMode":0,"name":"Shaded","section":"Shading Mode"},"sceneLighting":true,"audioPlay":false,"sceneViewState":{"showFog":true,"showMaterialUpdate":false,"showSkybox":false,"showFlares":true,"showImageEffects":true,"showParticleSystems":true},"in2DMode":false,"pivot":{"x":0.1640000343322754,"y":1.3400001525878907,"z":1.1540002822875977},"rotation":{"x":0.2611933946609497,"y":-0.018826160579919816,"z":0.005095171742141247,"w":0.9650894999504089},"size":6.363501071929932,"orthographic":false}