{"cameraMode":{"drawMode":0,"name":"Shaded","section":"Shading Mode"},"sceneLighting":true,"audioPlay":false,"sceneViewState":{"showFog":true,"showMaterialUpdate":false,"showSkybox":false,"showFlares":true,"showImageEffects":true,"showParticleSystems":true},"in2DMode":false,"pivot":{"x":-870.2312622070313,"y":-1103.71435546875,"z":-775.4737548828125},"rotation":{"x":-0.07602331787347794,"y":0.049331631511449817,"z":0.003765897359699011,"w":0.9958781599998474},"size":6.265281677246094,"orthographic":false}