{"cameraMode":{"drawMode":0,"name":"Shaded","section":"Shading Mode"},"sceneLighting":true,"audioPlay":false,"sceneViewState":{"showFog":true,"showMaterialUpdate":false,"showSkybox":false,"showFlares":true,"showImageEffects":true,"showParticleSystems":true},"in2DMode":false,"pivot":{"x":-1.4809198379516602,"y":7.748067378997803,"z":-2.0766608715057375},"rotation":{"x":0.037823524326086047,"y":0.8000122904777527,"z":-0.05071639269590378,"w":0.5966407656669617},"size":8.255547523498536,"orthographic":false}