{"cameraMode":{"drawMode":0,"name":"Shaded","section":"Shading Mode"},"sceneLighting":true,"audioPlay":false,"sceneViewState":{"showFog":true,"showMaterialUpdate":false,"showSkybox":false,"showFlares":true,"showImageEffects":true,"showParticleSystems":true},"in2DMode":false,"pivot":{"x":-15.144203186035157,"y":3.1891489028930666,"z":5.170763969421387},"rotation":{"x":-0.017423493787646295,"y":0.6970762014389038,"z":-0.016948964446783067,"w":-0.716587245464325},"size":11.300739288330079,"orthographic":false}