{"cameraMode":{"drawMode":0,"name":"Shaded","section":"Shading Mode"},"sceneLighting":true,"audioPlay":false,"sceneViewState":{"showFog":true,"showMaterialUpdate":false,"showSkybox":false,"showFlares":true,"showImageEffects":true,"showParticleSystems":true},"in2DMode":false,"pivot":{"x":9.886743545532227,"y":16.7172794342041,"z":90.7757568359375},"rotation":{"x":-0.07897158712148667,"y":0.058592043817043307,"z":0.004652908071875572,"w":0.9951493144035339},"size":46.76625442504883,"orthographic":false}