{"cameraMode":{"drawMode":0,"name":"Shaded","section":"Shading Mode"},"sceneLighting":true,"audioPlay":false,"sceneViewState":{"showFog":true,"showMaterialUpdate":false,"showSkybox":false,"showFlares":true,"showImageEffects":true,"showParticleSystems":true},"in2DMode":false,"pivot":{"x":-1.1529622077941895,"y":0.14003372192382813,"z":-2.9742817878723146},"rotation":{"x":-0.0035566866863518955,"y":0.9963658452033997,"z":-0.06616562604904175,"w":-0.053555529564619067},"size":5.882119655609131,"orthographic":false}