{"cameraMode":{"drawMode":0,"name":"Shaded","section":"Shading Mode"},"sceneLighting":false,"audioPlay":false,"sceneViewState":{"showFog":true,"showMaterialUpdate":false,"showSkybox":false,"showFlares":true,"showImageEffects":true,"showParticleSystems":true},"in2DMode":false,"pivot":{"x":-0.7217493057250977,"y":2.7598483562469484,"z":0.05444049835205078},"rotation":{"x":-0.16197863221168519,"y":-0.3519132733345032,"z":0.06197633594274521,"w":-0.9198388457298279},"size":3.6192736625671388,"orthographic":false}