{"cameraMode":{"drawMode":0,"name":"Shaded","section":"Shading Mode"},"sceneLighting":false,"audioPlay":false,"sceneViewState":{"showFog":true,"showMaterialUpdate":false,"showSkybox":false,"showFlares":true,"showImageEffects":true,"showParticleSystems":true},"in2DMode":false,"pivot":{"x":4.609936714172363,"y":0.3529467284679413,"z":53.030460357666019},"rotation":{"x":-0.0001024183293338865,"y":-0.9985123872756958,"z":0.0018075470579788089,"w":-0.054866738617420199},"size":4.543097972869873,"orthographic":false}