{"cameraMode":{"drawMode":0,"name":"Shaded","section":"Shading Mode"},"sceneLighting":false,"audioPlay":false,"sceneViewState":{"showFog":true,"showMaterialUpdate":false,"showSkybox":false,"showFlares":true,"showImageEffects":true,"showParticleSystems":true},"in2DMode":false,"pivot":{"x":-1.0084259510040284,"y":-36.91035842895508,"z":1.5620510578155518},"rotation":{"x":0.10786378383636475,"y":-0.840975821018219,"z":0.1821586936712265,"w":0.4979607164859772},"size":5.9881720542907719,"orthographic":false}