{"cameraMode":{"drawMode":0,"name":"Shaded","section":"Shading Mode"},"sceneLighting":true,"audioPlay":false,"sceneViewState":{"showFog":true,"showMaterialUpdate":false,"showSkybox":true,"showFlares":true,"showImageEffects":true,"showParticleSystems":true},"in2DMode":false,"pivot":{"x":328.7181701660156,"y":243.39071655273438,"z":33.017982482910159},"rotation":{"x":-0.1994345486164093,"y":-0.6091355085372925,"z":0.1619476079940796,"w":-0.7503506541252136},"size":93.27375793457031,"orthographic":false}