{"cameraMode":{"drawMode":0,"name":"Shaded","section":"Shading Mode"},"sceneLighting":false,"audioPlay":false,"sceneViewState":{"showFog":true,"showMaterialUpdate":false,"showSkybox":false,"showFlares":true,"showImageEffects":true,"showParticleSystems":true},"in2DMode":false,"pivot":{"x":11.294971466064454,"y":-0.15922045707702638,"z":13.098495483398438},"rotation":{"x":-0.23500224947929383,"y":0.026823101565241815,"z":-0.006481173913925886,"w":-0.9716158509254456},"size":1.4320507049560547,"orthographic":false}