{"cameraMode":{"drawMode":0,"name":"Shaded","section":"Shading Mode"},"sceneLighting":true,"audioPlay":false,"sceneViewState":{"showFog":true,"showMaterialUpdate":false,"showSkybox":false,"showFlares":true,"showImageEffects":true,"showParticleSystems":true},"in2DMode":false,"pivot":{"x":-0.5712761878967285,"y":1.1799240112304688,"z":-3.543292999267578},"rotation":{"x":-0.03697281330823898,"y":-0.962060272693634,"z":0.1679370254278183,"w":-0.2120041400194168},"size":11.535563468933106,"orthographic":false}