{"cameraMode":{"drawMode":0,"name":"Shaded","section":"Shading Mode"},"sceneLighting":false,"audioPlay":false,"sceneViewState":{"showFog":true,"showMaterialUpdate":false,"showSkybox":false,"showFlares":true,"showImageEffects":true,"showParticleSystems":true},"in2DMode":false,"pivot":{"x":-1.016265869140625,"y":-37.599998474121097,"z":0.377636194229126},"rotation":{"x":-0.1968884915113449,"y":-0.12404376268386841,"z":0.025126570835709573,"w":-0.9722352623939514},"size":1.7320507764816285,"orthographic":false}