{"cameraMode":{"drawMode":0,"name":"Shaded","section":"Shading Mode"},"sceneLighting":false,"audioPlay":false,"sceneViewState":{"showFog":true,"showMaterialUpdate":false,"showSkybox":false,"showFlares":true,"showImageEffects":true,"showParticleSystems":true},"in2DMode":false,"pivot":{"x":-0.621574878692627,"y":2.8759260177612306,"z":0.3419761657714844},"rotation":{"x":-0.1297067552804947,"y":-0.8302165269851685,"z":0.21669504046440125,"w":-0.4969755709171295},"size":2.1192739009857179,"orthographic":false}