{"cameraMode":{"drawMode":0,"name":"Shaded","section":"Shading Mode"},"sceneLighting":true,"audioPlay":false,"sceneViewState":{"showFog":true,"showMaterialUpdate":false,"showSkybox":false,"showFlares":true,"showImageEffects":true,"showParticleSystems":true},"in2DMode":false,"pivot":{"x":-0.9927750825881958,"y":2.7838218212127687,"z":0.33428990840911868},"rotation":{"x":0.18741920590400697,"y":0.08826848864555359,"z":-0.01691247522830963,"w":0.9781595468521118},"size":1.7116084098815919,"orthographic":false}