{"cameraMode":{"drawMode":0,"name":"Shaded","section":"Shading Mode"},"sceneLighting":true,"audioPlay":false,"sceneViewState":{"showFog":true,"showMaterialUpdate":false,"showSkybox":false,"showFlares":true,"showImageEffects":true,"showParticleSystems":true},"in2DMode":false,"pivot":{"x":4.392585754394531,"y":-2.857196092605591,"z":2.015583038330078},"rotation":{"x":-0.23549364507198335,"y":0.05330720543861389,"z":-0.016172250732779504,"w":-0.9705571532249451},"size":1.4560363292694092,"orthographic":false}