{"cameraMode":{"drawMode":0,"name":"Shaded","section":"Shading Mode"},"sceneLighting":false,"audioPlay":false,"sceneViewState":{"showFog":true,"showMaterialUpdate":false,"showSkybox":false,"showFlares":true,"showImageEffects":true,"showParticleSystems":true},"in2DMode":false,"pivot":{"x":-2.384185791015625e-7,"y":2.3913609981536867,"z":-1.913923740386963},"rotation":{"x":-0.39803189039230349,"y":-0.1958969086408615,"z":0.08749016374349594,"w":-0.8920389413833618},"size":3.2745325565338136,"orthographic":false}