{"cameraMode":{"drawMode":0,"name":"Shaded","section":"Shading Mode"},"sceneLighting":true,"audioPlay":false,"sceneViewState":{"showFog":true,"showMaterialUpdate":false,"showSkybox":false,"showFlares":true,"showImageEffects":true,"showParticleSystems":true},"in2DMode":false,"pivot":{"x":-23.521286010742189,"y":33.553810119628909,"z":31.81206512451172},"rotation":{"x":0.022908277809619905,"y":-0.9437803626060486,"z":0.3229660987854004,"w":0.06711237877607346},"size":3.7965128421783449,"orthographic":false}