{"cameraMode":{"drawMode":0,"name":"Shaded","section":"Shading Mode"},"sceneLighting":false,"audioPlay":false,"sceneViewState":{"showFog":true,"showMaterialUpdate":false,"showSkybox":false,"showFlares":true,"showImageEffects":true,"showParticleSystems":true},"in2DMode":false,"pivot":{"x":0.0,"y":0.00006138067692518234,"z":-1.0961239337921143},"rotation":{"x":-0.1828591376543045,"y":0.5950174331665039,"z":-0.14408807456493379,"w":-0.7694988250732422},"size":0.005453325342386961,"orthographic":false}