{"cameraMode":{"drawMode":0,"name":"Shaded","section":"Shading Mode"},"sceneLighting":true,"audioPlay":false,"sceneViewState":{"showFog":true,"showMaterialUpdate":false,"showSkybox":false,"showFlares":true,"showImageEffects":true,"showParticleSystems":true},"in2DMode":false,"pivot":{"x":113.36096954345703,"y":4.9728288650512699,"z":42.50638198852539},"rotation":{"x":-0.20777590572834016,"y":-0.7311950922012329,"z":0.2436654269695282,"w":-0.6029365062713623},"size":14.508489608764649,"orthographic":false}