{"cameraMode":{"drawMode":0,"name":"Shaded","section":"Shading Mode"},"sceneLighting":true,"audioPlay":false,"sceneViewState":{"showFog":true,"showMaterialUpdate":false,"showSkybox":false,"showFlares":true,"showImageEffects":true,"showParticleSystems":true},"in2DMode":false,"pivot":{"x":119.0427474975586,"y":7.006659984588623,"z":62.44484329223633},"rotation":{"x":-0.006529367528855801,"y":0.7388401031494141,"z":-0.008275337517261505,"w":-0.6741343140602112},"size":2.9101240634918215,"orthographic":false}