{"cameraMode":{"drawMode":0,"name":"Shaded","section":"Shading Mode"},"sceneLighting":false,"audioPlay":false,"sceneViewState":{"showFog":true,"showMaterialUpdate":false,"showSkybox":false,"showFlares":true,"showImageEffects":true,"showParticleSystems":true},"in2DMode":false,"pivot":{"x":-3.020670175552368,"y":0.22474321722984315,"z":4.0},"rotation":{"x":0.00598785188049078,"y":-0.9713161587715149,"z":0.23596788942813874,"w":0.03683321177959442},"size":0.30808520317077639,"orthographic":false}