{"cameraMode":{"drawMode":0,"name":"Shaded","section":"Shading Mode"},"sceneLighting":true,"audioPlay":false,"sceneViewState":{"showFog":true,"showMaterialUpdate":false,"showSkybox":false,"showFlares":true,"showImageEffects":true,"showParticleSystems":true},"in2DMode":false,"pivot":{"x":9.299509048461914,"y":2.349851131439209,"z":3.2751152515411379},"rotation":{"x":0.0201113298535347,"y":0.8421728610992432,"z":-0.030943293124437333,"w":0.5381208062171936},"size":1.7186355590820313,"orthographic":false}