{"cameraMode":{"drawMode":0,"name":"Shaded","section":"Shading Mode"},"sceneLighting":true,"audioPlay":false,"sceneViewState":{"showFog":true,"showMaterialUpdate":false,"showSkybox":false,"showFlares":true,"showImageEffects":true,"showParticleSystems":true},"in2DMode":false,"pivot":{"x":84.41624450683594,"y":-16.838836669921876,"z":19.490238189697267},"rotation":{"x":-0.5155547857284546,"y":0.11527951806783676,"z":-0.07026352733373642,"w":-0.8461873531341553},"size":34.31263732910156,"orthographic":false}