{"cameraMode":{"drawMode":0,"name":"Shaded","section":"Shading Mode"},"sceneLighting":true,"audioPlay":false,"sceneViewState":{"showFog":true,"showMaterialUpdate":false,"showSkybox":false,"showFlares":true,"showImageEffects":true,"showParticleSystems":true},"in2DMode":false,"pivot":{"x":119.06229400634766,"y":6.043394088745117,"z":34.5180778503418},"rotation":{"x":0.14746060967445374,"y":-0.0404992401599884,"z":0.00917164608836174,"w":0.9885101318359375},"size":7.916250228881836,"orthographic":false}