{"cameraMode":{"drawMode":0,"name":"Shaded","section":"Shading Mode"},"sceneLighting":true,"audioPlay":false,"sceneViewState":{"showFog":true,"showMaterialUpdate":false,"showSkybox":false,"showFlares":true,"showImageEffects":true,"showParticleSystems":true},"in2DMode":false,"pivot":{"x":2.4276695251464845,"y":26.065689086914064,"z":-5.72524356842041},"rotation":{"x":-0.17319245636463166,"y":0.111563540995121,"z":-0.01979168690741062,"w":-0.9783804416656494},"size":60.62177658081055,"orthographic":false}