{"cameraMode":{"drawMode":0,"name":"Shaded","section":"Shading Mode"},"sceneLighting":false,"audioPlay":false,"sceneViewState":{"showFog":true,"showMaterialUpdate":false,"showSkybox":false,"showFlares":true,"showImageEffects":true,"showParticleSystems":true},"in2DMode":false,"pivot":{"x":-0.006829977035522461,"y":0.0,"z":-0.026103436946868898},"rotation":{"x":-0.10333672910928726,"y":0.8293232321739197,"z":-0.17233674228191377,"w":-0.5220184922218323},"size":1.305044412612915,"orthographic":false}