{"cameraMode":{"drawMode":0,"name":"Shaded","section":"Shading Mode"},"sceneLighting":true,"audioPlay":false,"sceneViewState":{"showFog":true,"showMaterialUpdate":false,"showSkybox":false,"showFlares":true,"showImageEffects":true,"showParticleSystems":true},"in2DMode":false,"pivot":{"x":118.49276733398438,"y":4.571402549743652,"z":63.23371887207031},"rotation":{"x":-0.16549542546272279,"y":0.6713377237319946,"z":-0.15782283246517182,"w":-0.7050906419754028},"size":4.062292575836182,"orthographic":false}