{"cameraMode":{"drawMode":0,"name":"Shaded","section":"Shading Mode"},"sceneLighting":false,"audioPlay":false,"sceneViewState":{"showFog":true,"showMaterialUpdate":false,"showSkybox":false,"showFlares":true,"showImageEffects":true,"showParticleSystems":true},"in2DMode":false,"pivot":{"x":-29.994258880615236,"y":1.9931821823120118,"z":3.997617244720459},"rotation":{"x":-0.16549542546272279,"y":0.6713377237319946,"z":-0.15782283246517182,"w":-0.7050906419754028},"size":3.5457193851470949,"orthographic":false}