{"cameraMode":{"drawMode":0,"name":"Shaded","section":"Shading Mode"},"sceneLighting":false,"audioPlay":false,"sceneViewState":{"showFog":true,"showMaterialUpdate":false,"showSkybox":false,"showFlares":true,"showImageEffects":true,"showParticleSystems":true},"in2DMode":false,"pivot":{"x":0.0,"y":7.450580596923828e-9,"z":0.05111658573150635},"rotation":{"x":0.18336786329746247,"y":-0.6751614212989807,"z":0.18333879113197328,"w":0.6909812688827515},"size":0.44270557165145876,"orthographic":false}