{"cameraMode":{"drawMode":0,"name":"Shaded","section":"Shading Mode"},"sceneLighting":true,"audioPlay":false,"sceneViewState":{"showFog":true,"showMaterialUpdate":false,"showSkybox":false,"showFlares":true,"showImageEffects":true,"showParticleSystems":true},"in2DMode":false,"pivot":{"x":69.75157165527344,"y":1.1005243062973023,"z":19.915315628051759},"rotation":{"x":0.04272725433111191,"y":0.7177306413650513,"z":-0.04419427365064621,"w":0.6936177611351013},"size":1.9600286483764649,"orthographic":false}