{"cameraMode":{"drawMode":0,"name":"Shaded","section":"Shading Mode"},"sceneLighting":false,"audioPlay":false,"sceneViewState":{"showFog":true,"showMaterialUpdate":false,"showSkybox":false,"showFlares":true,"showImageEffects":true,"showParticleSystems":true},"in2DMode":false,"pivot":{"x":-18.002382278442384,"y":4.775855541229248,"z":4.0057759284973148},"rotation":{"x":0.36904197931289675,"y":0.6049330234527588,"z":-0.3644408583641052,"w":0.6046494841575623},"size":5.669422149658203,"orthographic":false}