{"cameraMode":{"drawMode":0,"name":"Shaded","section":"Shading Mode"},"sceneLighting":false,"audioPlay":false,"sceneViewState":{"showFog":true,"showMaterialUpdate":false,"showSkybox":false,"showFlares":true,"showImageEffects":true,"showParticleSystems":true},"in2DMode":false,"pivot":{"x":-0.707794189453125,"y":4.052818298339844,"z":4.326539039611816},"rotation":{"x":0.2213970124721527,"y":-0.6966992616653442,"z":0.24205954372882844,"w":0.6380422711372376},"size":7.163224697113037,"orthographic":false}