{"cameraMode":{"drawMode":0,"name":"Shaded","section":"Shading Mode"},"sceneLighting":true,"audioPlay":false,"sceneViewState":{"showFog":true,"showMaterialUpdate":false,"showSkybox":false,"showFlares":true,"showImageEffects":true,"showParticleSystems":true},"in2DMode":false,"pivot":{"x":89.11000061035156,"y":10.04909896850586,"z":2.173402786254883},"rotation":{"x":0.1592683047056198,"y":0.343179315328598,"z":-0.05911790207028389,"w":0.9238077998161316},"size":1.8788456916809083,"orthographic":false}