{"cameraMode":{"drawMode":0,"name":"Shaded","section":"Shading Mode"},"sceneLighting":true,"audioPlay":false,"sceneViewState":{"showFog":true,"showMaterialUpdate":false,"showSkybox":false,"showFlares":true,"showImageEffects":true,"showParticleSystems":true},"in2DMode":false,"pivot":{"x":8.71793270111084,"y":18.67693519592285,"z":1.9642711877822877},"rotation":{"x":0.011675771325826645,"y":0.8083360195159912,"z":0.015978749841451646,"w":-0.5884411931037903},"size":1.681152105331421,"orthographic":false}