{"cameraMode":{"drawMode":0,"name":"Shaded","section":"Shading Mode"},"sceneLighting":true,"audioPlay":false,"sceneViewState":{"showFog":true,"showMaterialUpdate":false,"showSkybox":false,"showFlares":true,"showImageEffects":true,"showParticleSystems":true},"in2DMode":false,"pivot":{"x":62.77115249633789,"y":2.06992506980896,"z":14.255131721496582},"rotation":{"x":-0.01765633560717106,"y":-0.19754989445209504,"z":0.00354597857221961,"w":-0.9801386594772339},"size":-2.560028553009033,"orthographic":false}