{"cameraMode":{"drawMode":0,"name":"Shaded","section":"Shading Mode"},"sceneLighting":true,"audioPlay":false,"sceneViewState":{"showFog":true,"showMaterialUpdate":false,"showSkybox":false,"showFlares":true,"showImageEffects":true,"showParticleSystems":true},"in2DMode":false,"pivot":{"x":0.0,"y":8.931788444519043,"z":-1.0003727674484254},"rotation":{"x":0.10738679766654968,"y":0.8742724061012268,"z":0.21539652347564698,"w":-0.42218106985092165},"size":1.2768090963363648,"orthographic":false}