{"cameraMode":{"drawMode":0,"name":"Shaded","section":"Shading Mode"},"sceneLighting":false,"audioPlay":false,"sceneViewState":{"showFog":true,"showMaterialUpdate":false,"showSkybox":false,"showFlares":true,"showImageEffects":true,"showParticleSystems":true},"in2DMode":false,"pivot":{"x":-463.126953125,"y":606.35107421875,"z":-418.3999938964844},"rotation":{"x":0.5126222372055054,"y":-0.4847905933856964,"z":0.5348832607269287,"w":0.46495336294174197},"size":1100.533447265625,"orthographic":false}