{"cameraMode":{"drawMode":0,"name":"Shaded","section":"Shading Mode"},"sceneLighting":true,"audioPlay":false,"sceneViewState":{"showFog":true,"showMaterialUpdate":false,"showSkybox":false,"showFlares":true,"showImageEffects":true,"showParticleSystems":true},"in2DMode":false,"pivot":{"x":513.4898681640625,"y":-72.56497192382813,"z":0.9031486511230469},"rotation":{"x":-0.0000017727537624523393,"y":0.9889501333236694,"z":-0.14826160669326783,"w":-0.000014438417565543205},"size":604.1422119140625,"orthographic":false}