{"cameraMode":{"drawMode":0,"name":"Shaded","section":"Shading Mode"},"sceneLighting":true,"audioPlay":false,"sceneViewState":{"showFog":true,"showMaterialUpdate":false,"showSkybox":false,"showFlares":true,"showImageEffects":true,"showParticleSystems":true},"in2DMode":false,"pivot":{"x":-58.471614837646487,"y":-9.237701416015625,"z":-390.3239440917969},"rotation":{"x":0.263916015625,"y":0.736029326915741,"z":-0.446023553609848,"w":0.4355151951313019},"size":53.12659454345703,"orthographic":false}