{"cameraMode":{"drawMode":0,"name":"Shaded","section":"Shading Mode"},"sceneLighting":true,"audioPlay":false,"sceneViewState":{"showFog":true,"showMaterialUpdate":false,"showSkybox":false,"showFlares":true,"showImageEffects":true,"showParticleSystems":true},"in2DMode":false,"pivot":{"x":-1.6721272468566895,"y":1.2477285861968995,"z":-0.8856086730957031},"rotation":{"x":-0.07959092408418656,"y":-0.837497353553772,"z":0.1268424093723297,"w":-0.5255283117294312},"size":14.616626739501954,"orthographic":false}