{"cameraMode":{"drawMode":0,"name":"Shaded","section":"Shading Mode"},"sceneLighting":true,"audioPlay":false,"sceneViewState":{"showFog":true,"showMaterialUpdate":false,"showSkybox":false,"showFlares":true,"showImageEffects":true,"showParticleSystems":true},"in2DMode":false,"pivot":{"x":97.28228759765625,"y":2.592254638671875,"z":0.9576292037963867},"rotation":{"x":-0.2655825912952423,"y":0.677709698677063,"z":-0.2895776629447937,"w":-0.6215478181838989},"size":14.364096641540528,"orthographic":false}