{"cameraMode":{"drawMode":0,"name":"Shaded","section":"Shading Mode"},"sceneLighting":true,"audioPlay":false,"sceneViewState":{"showFog":true,"showMaterialUpdate":false,"showSkybox":false,"showFlares":true,"showImageEffects":true,"showParticleSystems":true},"in2DMode":false,"pivot":{"x":104.10419464111328,"y":-44.814361572265628,"z":-720.554931640625},"rotation":{"x":0.09122515469789505,"y":0.8944495916366577,"z":-0.2134985476732254,"w":0.3821811079978943},"size":127.43692016601563,"orthographic":false}