{"cameraMode":{"drawMode":0,"name":"Shaded","section":"Shading Mode"},"sceneLighting":true,"audioPlay":false,"sceneViewState":{"showFog":true,"showMaterialUpdate":false,"showSkybox":false,"showFlares":true,"showImageEffects":true,"showParticleSystems":true},"in2DMode":false,"pivot":{"x":-45.8271598815918,"y":-1.4396657943725587,"z":-2.074634552001953},"rotation":{"x":-0.053770098835229877,"y":-0.8252080678939819,"z":0.07972375303506851,"w":-0.5565882325172424},"size":17.0100040435791,"orthographic":false}