{"cameraMode":{"drawMode":0,"name":"Shaded","section":"Shading Mode"},"sceneLighting":false,"audioPlay":false,"sceneViewState":{"showFog":true,"showMaterialUpdate":false,"showSkybox":false,"showFlares":true,"showImageEffects":true,"showParticleSystems":true},"in2DMode":false,"pivot":{"x":-0.6446917057037354,"y":1.1131962537765504,"z":2.0508432388305666},"rotation":{"x":-0.08685410022735596,"y":-0.7330499291419983,"z":0.09531374275684357,"w":-0.6678520441055298},"size":2.788696765899658,"orthographic":false}