{"cameraMode":{"drawMode":0,"name":"Shaded","section":"Shading Mode"},"sceneLighting":true,"audioPlay":false,"sceneViewState":{"showFog":true,"showMaterialUpdate":false,"showSkybox":false,"showFlares":true,"showImageEffects":true,"showParticleSystems":true},"in2DMode":false,"pivot":{"x":-1.997443675994873,"y":5.422246932983398,"z":-1.624593734741211},"rotation":{"x":0.0005325478268787265,"y":0.9994673132896423,"z":0.022181909531354905,"w":-0.024006403982639314},"size":4.145401954650879,"orthographic":false}