{"cameraMode":{"drawMode":0,"name":"Shaded","section":"Shading Mode"},"sceneLighting":true,"audioPlay":false,"sceneViewState":{"showFog":true,"showMaterialUpdate":false,"showSkybox":false,"showFlares":true,"showImageEffects":true,"showParticleSystems":true},"in2DMode":false,"pivot":{"x":111.09541320800781,"y":3.402881622314453,"z":39.650718688964847},"rotation":{"x":-0.1333901435136795,"y":0.8607532382011414,"z":-0.3971687853336334,"w":-0.28908392786979678},"size":13.869728088378907,"orthographic":false}