{"cameraMode":{"drawMode":0,"name":"Shaded","section":"Shading Mode"},"sceneLighting":true,"audioPlay":false,"sceneViewState":{"showFog":true,"showMaterialUpdate":false,"showSkybox":false,"showFlares":true,"showImageEffects":true,"showParticleSystems":true},"in2DMode":false,"pivot":{"x":0.7897663116455078,"y":1.5104105472564698,"z":-1.1941699981689454},"rotation":{"x":0.041299447417259219,"y":0.8730137944221497,"z":-0.07509737461805344,"w":0.4801095426082611},"size":4.455446243286133,"orthographic":false}