{"cameraMode":{"drawMode":0,"name":"Shaded","section":"Shading Mode"},"sceneLighting":true,"audioPlay":false,"sceneViewState":{"showFog":true,"showMaterialUpdate":false,"showSkybox":true,"showFlares":true,"showImageEffects":true,"showParticleSystems":true},"in2DMode":false,"pivot":{"x":-34.49231719970703,"y":-6.983142852783203,"z":-6.581474304199219},"rotation":{"x":-0.06616918742656708,"y":0.9328323006629944,"z":-0.22710348665714265,"w":-0.2717932164669037},"size":49.020668029785159,"orthographic":false}