{"cameraMode":{"drawMode":0,"name":"Shaded","section":"Shading Mode"},"sceneLighting":true,"audioPlay":false,"sceneViewState":{"showFog":true,"showMaterialUpdate":false,"showSkybox":false,"showFlares":true,"showImageEffects":true,"showParticleSystems":true},"in2DMode":false,"pivot":{"x":-86.43254089355469,"y":21.195947647094728,"z":-176.87612915039063},"rotation":{"x":0.02010623924434185,"y":-0.6267872452735901,"z":0.016179179772734643,"w":0.7787652015686035},"size":-6.5484395027160648,"orthographic":false}