{"cameraMode":{"drawMode":0,"name":"Shaded","section":"Shading Mode"},"sceneLighting":true,"audioPlay":false,"sceneViewState":{"showFog":true,"showMaterialUpdate":false,"showSkybox":false,"showFlares":true,"showImageEffects":true,"showParticleSystems":true},"in2DMode":false,"pivot":{"x":-294.10638427734377,"y":-149.049560546875,"z":-2488.0009765625},"rotation":{"x":0.004012492951005697,"y":-0.9955533146858215,"z":0.07962463051080704,"w":0.05024014785885811},"size":1553.311279296875,"orthographic":false}