{"cameraMode":{"drawMode":0,"name":"Shaded","section":"Shading Mode"},"sceneLighting":true,"audioPlay":false,"sceneViewState":{"showFog":true,"showMaterialUpdate":false,"showSkybox":false,"showFlares":true,"showImageEffects":true,"showParticleSystems":true},"in2DMode":false,"pivot":{"x":-27.76626205444336,"y":12.502204895019532,"z":-410.716796875},"rotation":{"x":0.1594114452600479,"y":0.8230606913566589,"z":-0.46722835302352908,"w":0.28081652522087099},"size":53.12659454345703,"orthographic":false}