{"cameraMode":{"drawMode":0,"name":"Shaded","section":"Shading Mode"},"sceneLighting":true,"audioPlay":false,"sceneViewState":{"showFog":true,"showMaterialUpdate":false,"showSkybox":false,"showFlares":true,"showImageEffects":true,"showParticleSystems":true},"in2DMode":false,"pivot":{"x":-19.494709014892579,"y":38.32189178466797,"z":39.062015533447269},"rotation":{"x":0.012537776492536068,"y":0.5210078954696655,"z":0.007655499968677759,"w":-0.8534257411956787},"size":2.3895440101623537,"orthographic":false}