{"cameraMode":{"drawMode":0,"name":"Shaded","section":"Shading Mode"},"sceneLighting":true,"audioPlay":false,"sceneViewState":{"showFog":true,"showMaterialUpdate":false,"showSkybox":false,"showFlares":true,"showImageEffects":true,"showParticleSystems":true},"in2DMode":false,"pivot":{"x":-2.9192028045654299,"y":-2.655733585357666,"z":-6.213542938232422},"rotation":{"x":0.050795529037714007,"y":0.9382023215293884,"z":-0.15652242302894593,"w":0.3044675588607788},"size":10.497139930725098,"orthographic":false}