{"cameraMode":{"drawMode":0,"name":"Shaded","section":"Shading Mode"},"sceneLighting":true,"audioPlay":false,"sceneViewState":{"showFog":true,"showMaterialUpdate":false,"showSkybox":false,"showFlares":true,"showImageEffects":true,"showParticleSystems":true},"in2DMode":false,"pivot":{"x":88.72071838378906,"y":-51.190895080566409,"z":-674.2562255859375},"rotation":{"x":0.07547982782125473,"y":0.9178619384765625,"z":-0.21182382106781007,"w":0.32705992460250857},"size":120.66905212402344,"orthographic":false}