{"cameraMode":{"drawMode":0,"name":"Shaded","section":"Shading Mode"},"sceneLighting":true,"audioPlay":false,"sceneViewState":{"showFog":true,"showMaterialUpdate":false,"showSkybox":false,"showFlares":true,"showImageEffects":true,"showParticleSystems":true},"in2DMode":false,"pivot":{"x":1.7991485595703126,"y":-6.922691345214844,"z":-29.219215393066408},"rotation":{"x":-0.06112457811832428,"y":0.9178968071937561,"z":-0.1559668928384781,"w":-0.35973450541496279},"size":134.95669555664063,"orthographic":false}