{"cameraMode":{"drawMode":0,"name":"Shaded","section":"Shading Mode"},"sceneLighting":true,"audioPlay":false,"sceneViewState":{"showFog":true,"showMaterialUpdate":false,"showSkybox":false,"showFlares":true,"showImageEffects":true,"showParticleSystems":true},"in2DMode":false,"pivot":{"x":5.1410441398620609,"y":-1.6507291793823243,"z":5.220895290374756},"rotation":{"x":0.19546683132648469,"y":0.5248845219612122,"z":-0.12528514862060548,"w":0.8189008235931397},"size":4.2325053215026859,"orthographic":false}