{"cameraMode":{"drawMode":0,"name":"Shaded","section":"Shading Mode"},"sceneLighting":true,"audioPlay":false,"sceneViewState":{"showFog":true,"showMaterialUpdate":false,"showSkybox":false,"showFlares":true,"showImageEffects":true,"showParticleSystems":true},"in2DMode":false,"pivot":{"x":-2.383431911468506,"y":3.454451084136963,"z":-0.47003602981567385},"rotation":{"x":0.014454266987740994,"y":0.9167231917381287,"z":-0.03330039978027344,"w":0.39787566661834719},"size":2.0171825885772707,"orthographic":false}