{"cameraMode":{"drawMode":0,"name":"Shaded","section":"Shading Mode"},"sceneLighting":true,"audioPlay":false,"sceneViewState":{"showFog":true,"showMaterialUpdate":false,"showSkybox":false,"showFlares":true,"showImageEffects":true,"showParticleSystems":true},"in2DMode":false,"pivot":{"x":110.269287109375,"y":-84.0390625,"z":-678.1616821289063},"rotation":{"x":0.1285993754863739,"y":0.8578240275382996,"z":-0.26001599431037905,"w":0.42426130175590517},"size":189.3833770751953,"orthographic":false}