{"cameraMode":{"drawMode":0,"name":"Shaded","section":"Shading Mode"},"sceneLighting":true,"audioPlay":false,"sceneViewState":{"showFog":true,"showMaterialUpdate":false,"showSkybox":false,"showFlares":true,"showImageEffects":true,"showParticleSystems":true},"in2DMode":false,"pivot":{"x":0.04725933074951172,"y":2.963444709777832,"z":1.158876657485962},"rotation":{"x":0.06504560261964798,"y":0.9201163649559021,"z":-0.17343789339065553,"w":0.34507429599761965},"size":12.12435531616211,"orthographic":false}