{"cameraMode":{"drawMode":0,"name":"Shaded","section":"Shading Mode"},"sceneLighting":true,"audioPlay":false,"sceneViewState":{"showFog":true,"showMaterialUpdate":false,"showSkybox":false,"showFlares":true,"showImageEffects":true,"showParticleSystems":true},"in2DMode":false,"pivot":{"x":-1.016265869140625,"y":-37.599998474121097,"z":0.3776359558105469},"rotation":{"x":-0.0000017727537624523393,"y":0.9889501333236694,"z":-0.14826160669326783,"w":-0.000014438417565543205},"size":18.186532974243165,"orthographic":false}