{"cameraMode":{"drawMode":0,"name":"Shaded","section":"Shading Mode"},"sceneLighting":true,"audioPlay":false,"sceneViewState":{"showFog":true,"showMaterialUpdate":false,"showSkybox":false,"showFlares":true,"showImageEffects":true,"showParticleSystems":true},"in2DMode":false,"pivot":{"x":0.7517175674438477,"y":19.387184143066408,"z":-5.412686347961426},"rotation":{"x":-0.014402776025235653,"y":0.9464330673217773,"z":-0.31975221633911135,"w":-0.042632170021533969},"size":11.482672691345215,"orthographic":false}