{"cameraMode":{"drawMode":0,"name":"Shaded","section":"Shading Mode"},"sceneLighting":true,"audioPlay":false,"sceneViewState":{"showFog":true,"showMaterialUpdate":false,"showSkybox":true,"showFlares":true,"showImageEffects":true,"showParticleSystems":true},"in2DMode":false,"pivot":{"x":42.88508605957031,"y":42.325843811035159,"z":-131.71739196777345},"rotation":{"x":-0.13081611692905427,"y":0.8573662638664246,"z":-0.26691552996635439,"w":-0.4201982915401459},"size":3.2778642177581789,"orthographic":false}