{"cameraMode":{"drawMode":0,"name":"Shaded","section":"Shading Mode"},"sceneLighting":true,"audioPlay":false,"sceneViewState":{"showFog":true,"showMaterialUpdate":false,"showSkybox":false,"showFlares":true,"showImageEffects":true,"showParticleSystems":true},"in2DMode":false,"pivot":{"x":-869.7007446289063,"y":-1103.349365234375,"z":-776.3493041992188},"rotation":{"x":-0.08729853481054306,"y":0.9092270135879517,"z":-0.24314947426319123,"w":-0.32644233107566836},"size":4.465280532836914,"orthographic":false}