{"cameraMode":{"drawMode":0,"name":"Shaded","section":"Shading Mode"},"sceneLighting":true,"audioPlay":false,"sceneViewState":{"showFog":true,"showMaterialUpdate":false,"showSkybox":false,"showFlares":true,"showImageEffects":true,"showParticleSystems":true},"in2DMode":false,"pivot":{"x":-67.99401092529297,"y":50.779335021972659,"z":-391.99609375},"rotation":{"x":-0.04922175034880638,"y":0.9450503587722778,"z":-0.27565571665763857,"w":-0.16874857246875764},"size":111.69647216796875,"orthographic":false}