{"cameraMode":{"drawMode":0,"name":"Shaded","section":"Shading Mode"},"sceneLighting":true,"audioPlay":false,"sceneViewState":{"showFog":true,"showMaterialUpdate":false,"showSkybox":true,"showFlares":true,"showImageEffects":true,"showParticleSystems":true},"in2DMode":false,"pivot":{"x":208.18421936035157,"y":487.05419921875,"z":-115.828857421875},"rotation":{"x":0.015308808535337448,"y":-0.000004567866653815145,"z":5.026724352319434e-7,"w":0.9998831748962402},"size":777.2257690429688,"orthographic":false}