{"cameraMode":{"drawMode":0,"name":"Shaded","section":"Shading Mode"},"sceneLighting":true,"audioPlay":false,"sceneViewState":{"showFog":true,"showMaterialUpdate":false,"showSkybox":false,"showFlares":true,"showImageEffects":true,"showParticleSystems":true},"in2DMode":false,"pivot":{"x":2.610137462615967,"y":-0.10680294036865235,"z":3.6947684288024904},"rotation":{"x":-0.34864646196365359,"y":0.6490378975868225,"z":-0.44290074706077578,"w":-0.5109218955039978},"size":7.742857456207275,"orthographic":false}