{"cameraMode":{"drawMode":0,"name":"Shaded","section":"Shading Mode"},"sceneLighting":true,"audioPlay":false,"sceneViewState":{"showFog":true,"showMaterialUpdate":false,"showSkybox":false,"showFlares":true,"showImageEffects":true,"showParticleSystems":true},"in2DMode":false,"pivot":{"x":10.451074600219727,"y":-3.9984848499298097,"z":5.399777412414551},"rotation":{"x":0.11128843575716019,"y":0.7155730128288269,"z":-0.11717178672552109,"w":0.6795932650566101},"size":11.979293823242188,"orthographic":false}