{"cameraMode":{"drawMode":0,"name":"Shaded","section":"Shading Mode"},"sceneLighting":true,"audioPlay":false,"sceneViewState":{"showFog":true,"showMaterialUpdate":false,"showSkybox":true,"showFlares":true,"showImageEffects":true,"showParticleSystems":true},"in2DMode":false,"pivot":{"x":759.9175415039063,"y":1434.829345703125,"z":504.07861328125},"rotation":{"x":0.2174764722585678,"y":0.026345713064074518,"z":-0.0058718654327094559,"w":0.9756924510002136},"size":1144.04541015625,"orthographic":false}