{"cameraMode":{"drawMode":0,"name":"Shaded","section":"Shading Mode"},"sceneLighting":true,"audioPlay":false,"sceneViewState":{"showFog":true,"showMaterialUpdate":false,"showSkybox":false,"showFlares":true,"showImageEffects":true,"showParticleSystems":true},"in2DMode":false,"pivot":{"x":-32.57063674926758,"y":-20.691238403320314,"z":-594.7091064453125},"rotation":{"x":-0.34864646196365359,"y":0.6490378975868225,"z":-0.44290074706077578,"w":-0.5109218955039978},"size":86.58624267578125,"orthographic":false}