{"cameraMode":{"drawMode":0,"name":"Shaded","section":"Shading Mode"},"sceneLighting":false,"audioPlay":false,"sceneViewState":{"showFog":true,"showMaterialUpdate":false,"showSkybox":false,"showFlares":true,"showImageEffects":true,"showParticleSystems":true},"in2DMode":false,"pivot":{"x":61.16911315917969,"y":2.6369216442108156,"z":21.394086837768556},"rotation":{"x":-0.06625518947839737,"y":0.3976590931415558,"z":-0.028807159513235093,"w":-0.9146902561187744},"size":1.9335880279541016,"orthographic":false}