{"cameraMode":{"drawMode":0,"name":"Shaded","section":"Shading Mode"},"sceneLighting":false,"audioPlay":false,"sceneViewState":{"showFog":true,"showMaterialUpdate":false,"showSkybox":false,"showFlares":true,"showImageEffects":true,"showParticleSystems":true},"in2DMode":false,"pivot":{"x":121.63463592529297,"y":5.220111846923828,"z":7.962406158447266},"rotation":{"x":0.13615325093269349,"y":0.6331899166107178,"z":-0.11443997919559479,"w":0.7532951235771179},"size":6.095854759216309,"orthographic":false}