{"cameraMode":{"drawMode":0,"name":"Shaded","section":"Shading Mode"},"sceneLighting":true,"audioPlay":false,"sceneViewState":{"showFog":true,"showMaterialUpdate":false,"showSkybox":false,"showFlares":true,"showImageEffects":true,"showParticleSystems":true},"in2DMode":false,"pivot":{"x":55.68922805786133,"y":18.477359771728517,"z":22.4017333984375},"rotation":{"x":0.12355726957321167,"y":-0.5359845161437988,"z":-0.07978028804063797,"w":-0.8313236832618713},"size":21.40923309326172,"orthographic":false}