{"cameraMode":{"drawMode":0,"name":"Shaded","section":"Shading Mode"},"sceneLighting":true,"audioPlay":false,"sceneViewState":{"showFog":true,"showMaterialUpdate":false,"showSkybox":false,"showFlares":true,"showImageEffects":true,"showParticleSystems":true},"in2DMode":false,"pivot":{"x":-11.907050132751465,"y":21.955036163330079,"z":-553.6046752929688},"rotation":{"x":-0.02344435267150402,"y":0.96563720703125,"z":-0.24123679101467133,"w":-0.09384915232658386},"size":6.783060073852539,"orthographic":false}