{"cameraMode":{"drawMode":0,"name":"Shaded","section":"Shading Mode"},"sceneLighting":true,"audioPlay":false,"sceneViewState":{"showFog":true,"showMaterialUpdate":false,"showSkybox":false,"showFlares":true,"showImageEffects":true,"showParticleSystems":true},"in2DMode":false,"pivot":{"x":-1.0639983415603638,"y":2.3765792846679689,"z":0.4835638999938965},"rotation":{"x":-0.11857431381940842,"y":0.84615558385849,"z":-0.21138715744018556,"w":-0.47463732957839968},"size":3.865259885787964,"orthographic":false}