{"cameraMode":{"drawMode":0,"name":"Shaded","section":"Shading Mode"},"sceneLighting":true,"audioPlay":false,"sceneViewState":{"showFog":true,"showMaterialUpdate":false,"showSkybox":false,"showFlares":true,"showImageEffects":true,"showParticleSystems":true},"in2DMode":false,"pivot":{"x":54.99787521362305,"y":-27.221765518188478,"z":-834.0947875976563},"rotation":{"x":0.17027568817138673,"y":0.2789749801158905,"z":-0.050254568457603458,"w":0.9437493085861206},"size":114.43063354492188,"orthographic":false}