{"cameraMode":{"drawMode":0,"name":"Shaded","section":"Shading Mode"},"sceneLighting":true,"audioPlay":false,"sceneViewState":{"showFog":true,"showMaterialUpdate":false,"showSkybox":true,"showFlares":true,"showImageEffects":true,"showParticleSystems":true},"in2DMode":false,"pivot":{"x":-670.890625,"y":-644.4970092773438,"z":-1044.26513671875},"rotation":{"x":-0.19806981086730958,"y":0.766657829284668,"z":-0.2796865999698639,"w":-0.5429369807243347},"size":1527.2493896484375,"orthographic":false}