{"cameraMode":{"drawMode":0,"name":"Shaded","section":"Shading Mode"},"sceneLighting":true,"audioPlay":false,"sceneViewState":{"showFog":true,"showMaterialUpdate":false,"showSkybox":false,"showFlares":true,"showImageEffects":true,"showParticleSystems":true},"in2DMode":false,"pivot":{"x":-1.0151152610778809,"y":2.9442663192749025,"z":-0.3778495788574219},"rotation":{"x":-0.029475608840584756,"y":0.9664220809936523,"z":-0.21997985243797303,"w":-0.1294930875301361},"size":3.045240640640259,"orthographic":false}