{"cameraMode":{"drawMode":0,"name":"Shaded","section":"Shading Mode"},"sceneLighting":true,"audioPlay":false,"sceneViewState":{"showFog":true,"showMaterialUpdate":false,"showSkybox":true,"showFlares":true,"showImageEffects":true,"showParticleSystems":true},"in2DMode":false,"pivot":{"x":-47.578887939453128,"y":113.3425521850586,"z":-105.1143798828125},"rotation":{"x":0.0041860961355268959,"y":0.6790060997009277,"z":0.0038545054849237205,"w":-0.7341225147247315},"size":352.1114196777344,"orthographic":false}