{"cameraMode":{"drawMode":0,"name":"Shaded","section":"Shading Mode"},"sceneLighting":true,"audioPlay":false,"sceneViewState":{"showFog":true,"showMaterialUpdate":false,"showSkybox":false,"showFlares":true,"showImageEffects":true,"showParticleSystems":true},"in2DMode":false,"pivot":{"x":-16.691970825195314,"y":37.85430145263672,"z":41.15773010253906},"rotation":{"x":-0.12987689673900605,"y":-0.17395538091659547,"z":0.023150848224759103,"w":-0.9758779406547546},"size":1.7865467071533204,"orthographic":false}