{"cameraMode":{"drawMode":0,"name":"Shaded","section":"Shading Mode"},"sceneLighting":true,"audioPlay":false,"sceneViewState":{"showFog":true,"showMaterialUpdate":false,"showSkybox":false,"showFlares":true,"showImageEffects":true,"showParticleSystems":true},"in2DMode":false,"pivot":{"x":67.94694519042969,"y":1.248311161994934,"z":5.689146041870117},"rotation":{"x":-0.019727468490600587,"y":0.9683218002319336,"z":0.08123708516359329,"w":0.23544731736183167},"size":0.05677223205566406,"orthographic":false}