{"cameraMode":{"drawMode":0,"name":"Shaded","section":"Shading Mode"},"sceneLighting":true,"audioPlay":false,"sceneViewState":{"showFog":true,"showMaterialUpdate":false,"showSkybox":false,"showFlares":true,"showImageEffects":true,"showParticleSystems":true},"in2DMode":false,"pivot":{"x":1.760009765625,"y":528.5999755859375,"z":-412.7001953125},"rotation":{"x":-0.010702162981033326,"y":-0.9887323975563049,"z":0.1210368201136589,"w":-0.08744201064109802},"size":694.8218994140625,"orthographic":false}