{"cameraMode":{"drawMode":0,"name":"Shaded","section":"Shading Mode"},"sceneLighting":false,"audioPlay":false,"sceneViewState":{"showFog":true,"showMaterialUpdate":false,"showSkybox":false,"showFlares":true,"showImageEffects":true,"showParticleSystems":true},"in2DMode":false,"pivot":{"x":-1.016265869140625,"y":-37.599998474121097,"z":0.377636194229126},"rotation":{"x":0.09118765592575073,"y":-0.10319728404283524,"z":0.00949984509497881,"w":0.99042809009552},"size":1.7320507764816285,"orthographic":false}