{"cameraMode":{"drawMode":0,"name":"Shaded","section":"Shading Mode"},"sceneLighting":false,"audioPlay":false,"sceneViewState":{"showFog":true,"showMaterialUpdate":false,"showSkybox":false,"showFlares":true,"showImageEffects":true,"showParticleSystems":true},"in2DMode":false,"pivot":{"x":-1.010037899017334,"y":3.96797513961792,"z":1.7500228881835938},"rotation":{"x":0.23901546001434327,"y":-0.24052543938159944,"z":0.06123810634016991,"w":0.9387612342834473},"size":5.704811096191406,"orthographic":false}