{"cameraMode":{"drawMode":0,"name":"Shaded","section":"Shading Mode"},"sceneLighting":true,"audioPlay":false,"sceneViewState":{"showFog":true,"showMaterialUpdate":false,"showSkybox":false,"showFlares":true,"showImageEffects":true,"showParticleSystems":true},"in2DMode":false,"pivot":{"x":168.63912963867188,"y":119.24120330810547,"z":118.78544616699219},"rotation":{"x":-0.0155493738129735,"y":0.968184769153595,"z":-0.24187242984771729,"w":-0.062242187559604648},"size":30.453969955444337,"orthographic":false}