{"cameraMode":{"drawMode":0,"name":"Shaded","section":"Shading Mode"},"sceneLighting":false,"audioPlay":false,"sceneViewState":{"showFog":true,"showMaterialUpdate":false,"showSkybox":false,"showFlares":true,"showImageEffects":true,"showParticleSystems":true},"in2DMode":false,"pivot":{"x":0.0,"y":0.8898024559020996,"z":0.007383584976196289},"rotation":{"x":0.4155993163585663,"y":-0.2498772293329239,"z":0.11987541615962982,"w":0.8662975430488586},"size":2.091494560241699,"orthographic":false}