{"cameraMode":{"drawMode":0,"name":"Shaded","section":"Shading Mode"},"sceneLighting":false,"audioPlay":false,"sceneViewState":{"showFog":true,"showMaterialUpdate":false,"showSkybox":false,"showFlares":true,"showImageEffects":true,"showParticleSystems":true},"in2DMode":false,"pivot":{"x":12.074756622314454,"y":2.384185791015625e-7,"z":13.118438720703125},"rotation":{"x":0.09118765592575073,"y":-0.10319728404283524,"z":0.00949984509497881,"w":0.99042809009552},"size":1.7320507764816285,"orthographic":false}