{"cameraMode":{"drawMode":0,"name":"Shaded","section":"Shading Mode"},"sceneLighting":true,"audioPlay":false,"sceneViewState":{"showFog":true,"showMaterialUpdate":false,"showSkybox":false,"showFlares":true,"showImageEffects":true,"showParticleSystems":true},"in2DMode":false,"pivot":{"x":107.2170639038086,"y":112.53831481933594,"z":152.22108459472657},"rotation":{"x":-0.10120837390422821,"y":0.8930310606956482,"z":-0.2517840266227722,"w":-0.3589671850204468},"size":14.860313415527344,"orthographic":false}