{"cameraMode":{"drawMode":0,"name":"Shaded","section":"Shading Mode"},"sceneLighting":true,"audioPlay":false,"sceneViewState":{"showFog":true,"showMaterialUpdate":false,"showSkybox":false,"showFlares":true,"showImageEffects":true,"showParticleSystems":true},"in2DMode":false,"pivot":{"x":-75.34562683105469,"y":29.90676498413086,"z":-172.244873046875},"rotation":{"x":0.4368073642253876,"y":-0.5171011686325073,"z":0.34833717346191409,"w":0.6484369039535523},"size":45.93598937988281,"orthographic":false}