{"cameraMode":{"drawMode":0,"name":"Shaded","section":"Shading Mode"},"sceneLighting":false,"audioPlay":false,"sceneViewState":{"showFog":true,"showMaterialUpdate":false,"showSkybox":false,"showFlares":true,"showImageEffects":true,"showParticleSystems":true},"in2DMode":false,"pivot":{"x":0.1640000343322754,"y":1.619999885559082,"z":1.1540002822875977},"rotation":{"x":-0.1968878209590912,"y":-0.7243360877037048,"z":0.23027679324150086,"w":-0.619312047958374},"size":12.12435531616211,"orthographic":false}