{"cameraMode":{"drawMode":0,"name":"Shaded","section":"Shading Mode"},"sceneLighting":true,"audioPlay":false,"sceneViewState":{"showFog":true,"showMaterialUpdate":false,"showSkybox":false,"showFlares":true,"showImageEffects":true,"showParticleSystems":true},"in2DMode":false,"pivot":{"x":110.92523193359375,"y":3.927830457687378,"z":-5.06285285949707},"rotation":{"x":0.011965745128691197,"y":-0.8857265710830689,"z":0.022864751517772676,"w":0.4634930193424225},"size":6.125967979431152,"orthographic":false}