{"cameraMode":{"drawMode":0,"name":"Shaded","section":"Shading Mode"},"sceneLighting":false,"audioPlay":false,"sceneViewState":{"showFog":true,"showMaterialUpdate":false,"showSkybox":false,"showFlares":true,"showImageEffects":true,"showParticleSystems":true},"in2DMode":false,"pivot":{"x":4.140678405761719,"y":3.1699166297912599,"z":1.3226019144058228},"rotation":{"x":0.09050748497247696,"y":-0.6983821988105774,"z":0.08974959701299668,"w":0.7042863965034485},"size":1.8366756439208985,"orthographic":false}