{"cameraMode":{"drawMode":0,"name":"Shaded","section":"Shading Mode"},"sceneLighting":true,"audioPlay":false,"sceneViewState":{"showFog":true,"showMaterialUpdate":false,"showSkybox":false,"showFlares":true,"showImageEffects":true,"showParticleSystems":true},"in2DMode":false,"pivot":{"x":-122.04710388183594,"y":6.833306789398193,"z":-1.787574052810669},"rotation":{"x":-0.027488047257065774,"y":-0.7509629130363464,"z":-0.0313291922211647,"w":0.659034252166748},"size":6.90654182434082,"orthographic":false}