{"cameraMode":{"drawMode":0,"name":"Shaded","section":"Shading Mode"},"sceneLighting":true,"audioPlay":false,"sceneViewState":{"showFog":true,"showMaterialUpdate":false,"showSkybox":false,"showFlares":true,"showImageEffects":true,"showParticleSystems":true},"in2DMode":false,"pivot":{"x":-12.500747680664063,"y":18.95513916015625,"z":-13.177464485168457},"rotation":{"x":0.03358420729637146,"y":-0.9475226998329163,"z":0.2996663451194763,"w":0.10619112104177475},"size":8.317895889282227,"orthographic":false}