{"cameraMode":{"drawMode":0,"name":"Shaded","section":"Shading Mode"},"sceneLighting":true,"audioPlay":false,"sceneViewState":{"showFog":true,"showMaterialUpdate":false,"showSkybox":false,"showFlares":true,"showImageEffects":true,"showParticleSystems":true},"in2DMode":false,"pivot":{"x":-1.4873560667037964,"y":1.049109697341919,"z":-2.062861919403076},"rotation":{"x":0.003364414209499955,"y":-0.9953228831291199,"z":0.03765063360333443,"w":0.08892526477575302},"size":4.807394981384277,"orthographic":false}