{"cameraMode":{"drawMode":0,"name":"Shaded","section":"Shading Mode"},"sceneLighting":true,"audioPlay":false,"sceneViewState":{"showFog":true,"showMaterialUpdate":false,"showSkybox":false,"showFlares":true,"showImageEffects":true,"showParticleSystems":true},"in2DMode":false,"pivot":{"x":-4.0372209548950199,"y":1.945655107498169,"z":-1.4888628721237183},"rotation":{"x":0.008342219516634941,"y":-0.7353001236915588,"z":0.00905110128223896,"w":0.6776329278945923},"size":1.8527240753173829,"orthographic":false}