{"cameraMode":{"drawMode":0,"name":"Shaded","section":"Shading Mode"},"sceneLighting":true,"audioPlay":false,"sceneViewState":{"showFog":true,"showMaterialUpdate":false,"showSkybox":false,"showFlares":true,"showImageEffects":true,"showParticleSystems":true},"in2DMode":false,"pivot":{"x":-62.61201858520508,"y":21.471649169921876,"z":-370.2080078125},"rotation":{"x":0.23045219480991364,"y":-0.629410982131958,"z":0.20322181284427644,"w":0.713749349117279},"size":67.16007232666016,"orthographic":false}