{"cameraMode":{"drawMode":0,"name":"Shaded","section":"Shading Mode"},"sceneLighting":true,"audioPlay":false,"sceneViewState":{"showFog":true,"showMaterialUpdate":false,"showSkybox":false,"showFlares":true,"showImageEffects":true,"showParticleSystems":true},"in2DMode":false,"pivot":{"x":3.338113784790039,"y":-5.663395881652832,"z":6.719485282897949},"rotation":{"x":0.23045219480991364,"y":-0.629410982131958,"z":0.20322181284427644,"w":0.713749349117279},"size":13.269635200500489,"orthographic":false}