{"cameraMode":{"drawMode":0,"name":"Shaded","section":"Shading Mode"},"sceneLighting":true,"audioPlay":false,"sceneViewState":{"showFog":true,"showMaterialUpdate":false,"showSkybox":false,"showFlares":true,"showImageEffects":true,"showParticleSystems":true},"in2DMode":false,"pivot":{"x":24.70771598815918,"y":18.809476852416993,"z":2.7436625957489015},"rotation":{"x":0.12449374049901962,"y":-0.8506385087966919,"z":0.23295973241329194,"w":0.45458707213401797},"size":9.58484935760498,"orthographic":false}