{"cameraMode":{"drawMode":0,"name":"Shaded","section":"Shading Mode"},"sceneLighting":false,"audioPlay":false,"sceneViewState":{"showFog":true,"showMaterialUpdate":false,"showSkybox":false,"showFlares":true,"showImageEffects":true,"showParticleSystems":true},"in2DMode":false,"pivot":{"x":0.26240015029907229,"y":8.475000381469727,"z":1.7309999465942383},"rotation":{"x":-0.1968878209590912,"y":-0.7243360877037048,"z":0.23027679324150086,"w":-0.619312047958374},"size":12.12435531616211,"orthographic":false}