{"cameraMode":{"drawMode":0,"name":"Shaded","section":"Shading Mode"},"sceneLighting":true,"audioPlay":false,"sceneViewState":{"showFog":true,"showMaterialUpdate":false,"showSkybox":false,"showFlares":true,"showImageEffects":true,"showParticleSystems":true},"in2DMode":false,"pivot":{"x":-2.282560348510742,"y":2.3233015537261965,"z":-3.4995779991149904},"rotation":{"x":0.028311820700764657,"y":-0.8428201079368591,"z":0.044550031423568729,"w":0.5356032252311707},"size":4.979691982269287,"orthographic":false}