{"cameraMode":{"drawMode":0,"name":"Shaded","section":"Shading Mode"},"sceneLighting":true,"audioPlay":false,"sceneViewState":{"showFog":true,"showMaterialUpdate":false,"showSkybox":false,"showFlares":true,"showImageEffects":true,"showParticleSystems":true},"in2DMode":false,"pivot":{"x":513.4898681640625,"y":-72.56497192382813,"z":0.9031486511230469},"rotation":{"x":-0.3011893332004547,"y":-0.662426233291626,"z":0.3325909376144409,"w":-0.5998849272727966},"size":681.8976440429688,"orthographic":false}