{"cameraMode":{"drawMode":0,"name":"Shaded","section":"Shading Mode"},"sceneLighting":true,"audioPlay":false,"sceneViewState":{"showFog":true,"showMaterialUpdate":false,"showSkybox":false,"showFlares":true,"showImageEffects":true,"showParticleSystems":true},"in2DMode":false,"pivot":{"x":1.0266356468200684,"y":3.3689627647399904,"z":1.0974748134613038},"rotation":{"x":-0.1968878209590912,"y":-0.7243360877037048,"z":0.23027679324150086,"w":-0.619312047958374},"size":6.19878625869751,"orthographic":false}