{"cameraMode":{"drawMode":0,"name":"Shaded","section":"Shading Mode"},"sceneLighting":true,"audioPlay":false,"sceneViewState":{"showFog":true,"showMaterialUpdate":false,"showSkybox":false,"showFlares":true,"showImageEffects":true,"showParticleSystems":true},"in2DMode":false,"pivot":{"x":112.0406494140625,"y":2.29580020904541,"z":35.06483459472656},"rotation":{"x":0.4368073642253876,"y":-0.5171011686325073,"z":0.34833717346191409,"w":0.6484369039535523},"size":18.671371459960939,"orthographic":false}