{"cameraMode":{"drawMode":0,"name":"Shaded","section":"Shading Mode"},"sceneLighting":false,"audioPlay":false,"sceneViewState":{"showFog":true,"showMaterialUpdate":false,"showSkybox":false,"showFlares":true,"showImageEffects":true,"showParticleSystems":true},"in2DMode":false,"pivot":{"x":7.7548298835754398,"y":0.5727005004882813,"z":-1.5070185661315919},"rotation":{"x":-0.01989612728357315,"y":-0.7797563672065735,"z":0.024812621995806695,"w":-0.6252799034118652},"size":6.555730819702148,"orthographic":false}