{"cameraMode":{"drawMode":0,"name":"Shaded","section":"Shading Mode"},"sceneLighting":true,"audioPlay":false,"sceneViewState":{"showFog":true,"showMaterialUpdate":false,"showSkybox":false,"showFlares":true,"showImageEffects":true,"showParticleSystems":true},"in2DMode":false,"pivot":{"x":103.05082702636719,"y":7.15477991104126,"z":12.008455276489258},"rotation":{"x":0.07855983078479767,"y":-0.4623349606990814,"z":0.041167620569467548,"w":0.8822607398033142},"size":27.603012084960939,"orthographic":false}