{"cameraMode":{"drawMode":0,"name":"Shaded","section":"Shading Mode"},"sceneLighting":false,"audioPlay":false,"sceneViewState":{"showFog":true,"showMaterialUpdate":false,"showSkybox":false,"showFlares":true,"showImageEffects":true,"showParticleSystems":true},"in2DMode":false,"pivot":{"x":0.7150626182556152,"y":0.7899398803710938,"z":-7.410299301147461},"rotation":{"x":0.012796930968761444,"y":-0.9856812953948975,"z":0.1432390809059143,"w":0.08806472271680832},"size":8.657033920288086,"orthographic":false}