{"cameraMode":{"drawMode":0,"name":"Shaded","section":"Shading Mode"},"sceneLighting":true,"audioPlay":false,"sceneViewState":{"showFog":true,"showMaterialUpdate":false,"showSkybox":false,"showFlares":true,"showImageEffects":true,"showParticleSystems":true},"in2DMode":false,"pivot":{"x":-18.319887161254884,"y":36.756591796875,"z":38.42423629760742},"rotation":{"x":0.0484456904232502,"y":-0.7916731238365173,"z":0.06331706792116165,"w":0.6057233810424805},"size":0.05869889259338379,"orthographic":false}