{"cameraMode":{"drawMode":0,"name":"Shaded","section":"Shading Mode"},"sceneLighting":false,"audioPlay":false,"sceneViewState":{"showFog":true,"showMaterialUpdate":false,"showSkybox":false,"showFlares":true,"showImageEffects":true,"showParticleSystems":true},"in2DMode":false,"pivot":{"x":-5.115218639373779,"y":0.38502824306488039,"z":0.699007511138916},"rotation":{"x":0.02174270898103714,"y":-0.6963120102882385,"z":0.02111056074500084,"w":0.717102587223053},"size":5.750143527984619,"orthographic":false}