{"cameraMode":{"drawMode":0,"name":"Shaded","section":"Shading Mode"},"sceneLighting":true,"audioPlay":false,"sceneViewState":{"showFog":true,"showMaterialUpdate":false,"showSkybox":false,"showFlares":true,"showImageEffects":true,"showParticleSystems":true},"in2DMode":false,"pivot":{"x":102.43114471435547,"y":11.851741790771485,"z":4.969846725463867},"rotation":{"x":-0.3438190519809723,"y":-0.48790955543518069,"z":0.21719124913215638,"w":-0.7723754644393921},"size":29.915790557861329,"orthographic":false}