{"cameraMode":{"drawMode":0,"name":"Shaded","section":"Shading Mode"},"sceneLighting":true,"audioPlay":false,"sceneViewState":{"showFog":true,"showMaterialUpdate":false,"showSkybox":false,"showFlares":true,"showImageEffects":true,"showParticleSystems":true},"in2DMode":false,"pivot":{"x":4.269783020019531,"y":0.5716540813446045,"z":3.021552085876465},"rotation":{"x":-0.1430976390838623,"y":-0.2201150506734848,"z":0.03266158327460289,"w":-0.9643704295158386},"size":5.8987860679626469,"orthographic":false}