{"cameraMode":{"drawMode":0,"name":"Shaded","section":"Shading Mode"},"sceneLighting":false,"audioPlay":false,"sceneViewState":{"showFog":true,"showMaterialUpdate":false,"showSkybox":false,"showFlares":true,"showImageEffects":true,"showParticleSystems":true},"in2DMode":false,"pivot":{"x":-1.016265869140625,"y":-37.599998474121097,"z":0.3776359558105469},"rotation":{"x":-0.2283046841621399,"y":0.46919959783554079,"z":-0.1269845962524414,"w":-0.8435677886009216},"size":4.204257011413574,"orthographic":false}