{"cameraMode":{"drawMode":0,"name":"Shaded","section":"Shading Mode"},"sceneLighting":false,"audioPlay":false,"sceneViewState":{"showFog":true,"showMaterialUpdate":false,"showSkybox":false,"showFlares":true,"showImageEffects":true,"showParticleSystems":true},"in2DMode":false,"pivot":{"x":7.753322601318359,"y":1.792912483215332,"z":3.757556915283203},"rotation":{"x":-0.2769136428833008,"y":-0.03832968696951866,"z":0.011055790819227696,"w":-0.9600681066513062},"size":4.839195728302002,"orthographic":false}