{"cameraMode":{"drawMode":0,"name":"Shaded","section":"Shading Mode"},"sceneLighting":true,"audioPlay":false,"sceneViewState":{"showFog":true,"showMaterialUpdate":false,"showSkybox":true,"showFlares":true,"showImageEffects":true,"showParticleSystems":true},"in2DMode":false,"pivot":{"x":725.1011962890625,"y":-119.0357894897461,"z":-932.459716796875},"rotation":{"x":0.1032305434346199,"y":0.8605439066886902,"z":-0.19316637516021729,"w":0.45988929271698},"size":5.910281658172607,"orthographic":false}