{"cameraMode":{"drawMode":0,"name":"Shaded","section":"Shading Mode"},"sceneLighting":false,"audioPlay":false,"sceneViewState":{"showFog":true,"showMaterialUpdate":false,"showSkybox":false,"showFlares":true,"showImageEffects":true,"showParticleSystems":true},"in2DMode":false,"pivot":{"x":-0.3603672981262207,"y":0.809999942779541,"z":0.1291387677192688},"rotation":{"x":-0.1616228222846985,"y":-0.7292280197143555,"z":0.18450209498405457,"w":-0.638800323009491},"size":1.7716827392578126,"orthographic":false}