{"cameraMode":{"drawMode":0,"name":"Shaded","section":"Shading Mode"},"sceneLighting":true,"audioPlay":false,"sceneViewState":{"showFog":true,"showMaterialUpdate":false,"showSkybox":false,"showFlares":true,"showImageEffects":true,"showParticleSystems":true},"in2DMode":false,"pivot":{"x":-871.109619140625,"y":-1104.812744140625,"z":-775.50048828125},"rotation":{"x":0.01918959803879261,"y":0.0005974822561256588,"z":0.000012026249351038132,"w":-0.9998158812522888},"size":3.1555099487304689,"orthographic":true}