{"cameraMode":{"drawMode":0,"name":"Shaded","section":"Shading Mode"},"sceneLighting":true,"audioPlay":false,"sceneViewState":{"showFog":true,"showMaterialUpdate":false,"showSkybox":false,"showFlares":true,"showImageEffects":true,"showParticleSystems":true},"in2DMode":false,"pivot":{"x":13.457489967346192,"y":1.0962553024291993,"z":11.24693489074707},"rotation":{"x":0.15559345483779908,"y":-0.522978663444519,"z":0.0977657288312912,"w":0.8323030471801758},"size":12.16014289855957,"orthographic":false}