{"cameraMode":{"drawMode":0,"name":"Shaded","section":"Shading Mode"},"sceneLighting":true,"audioPlay":false,"sceneViewState":{"showFog":true,"showMaterialUpdate":false,"showSkybox":false,"showFlares":true,"showImageEffects":true,"showParticleSystems":true},"in2DMode":false,"pivot":{"x":51.95584487915039,"y":-28.405345916748048,"z":-89.00999450683594},"rotation":{"x":-0.061323486268520358,"y":-0.8622119426727295,"z":0.4911647140979767,"w":-0.10764838010072708},"size":36.664546966552737,"orthographic":false}