{"cameraMode":{"drawMode":0,"name":"Shaded","section":"Shading Mode"},"sceneLighting":true,"audioPlay":false,"sceneViewState":{"showFog":true,"showMaterialUpdate":false,"showSkybox":true,"showFlares":true,"showImageEffects":true,"showParticleSystems":true},"in2DMode":false,"pivot":{"x":185.9985809326172,"y":-58.798675537109378,"z":-737.2139892578125},"rotation":{"x":-0.05428265780210495,"y":-0.000901198189239949,"z":0.00004970928785041906,"w":-0.998525857925415},"size":849.3224487304688,"orthographic":false}