{"cameraMode":{"drawMode":0,"name":"Shaded","section":"Shading Mode"},"sceneLighting":true,"audioPlay":false,"sceneViewState":{"showFog":true,"showMaterialUpdate":false,"showSkybox":false,"showFlares":true,"showImageEffects":true,"showParticleSystems":true},"in2DMode":false,"pivot":{"x":0.16997241973876954,"y":2.144541025161743,"z":0.41972970962524416},"rotation":{"x":0.007761857006698847,"y":0.8556022644042969,"z":-0.012834989465773106,"w":0.5174179673194885},"size":9.680362701416016,"orthographic":true}