{"cameraMode":{"drawMode":0,"name":"Shaded","section":"Shading Mode"},"sceneLighting":true,"audioPlay":false,"sceneViewState":{"showFog":true,"showMaterialUpdate":false,"showSkybox":false,"showFlares":true,"showImageEffects":true,"showParticleSystems":true},"in2DMode":false,"pivot":{"x":26.86840057373047,"y":4.755965232849121,"z":-4.3368239402771},"rotation":{"x":-0.00751862907782197,"y":-0.6749951839447022,"z":-0.006878613494336605,"w":0.7377523183822632},"size":-44.79641342163086,"orthographic":false}