{"cameraMode":{"drawMode":0,"name":"Shaded","section":"Shading Mode"},"sceneLighting":true,"audioPlay":false,"sceneViewState":{"showFog":true,"showMaterialUpdate":false,"showSkybox":true,"showFlares":true,"showImageEffects":true,"showParticleSystems":true},"in2DMode":false,"pivot":{"x":0.124755859375,"y":9.6796875,"z":93.125},"rotation":{"x":0.01918959803879261,"y":0.0005974822561256588,"z":0.000012026249351038132,"w":-0.9998158812522888},"size":1629.8846435546875,"orthographic":true}