{"cameraMode":{"drawMode":0,"name":"Shaded","section":"Shading Mode"},"sceneLighting":false,"audioPlay":false,"sceneViewState":{"showFog":true,"showMaterialUpdate":false,"showSkybox":false,"showFlares":true,"showImageEffects":true,"showParticleSystems":true},"in2DMode":false,"pivot":{"x":0.16997241973876954,"y":2.144541025161743,"z":0.41972970962524416},"rotation":{"x":0.01918959803879261,"y":0.0005974822561256588,"z":0.000012026249351038132,"w":-0.9998158812522888},"size":17.27734375,"orthographic":true}