{"cameraMode":{"drawMode":0,"name":"Shaded","section":"Shading Mode"},"sceneLighting":true,"audioPlay":false,"sceneViewState":{"showFog":true,"showMaterialUpdate":false,"showSkybox":false,"showFlares":true,"showImageEffects":true,"showParticleSystems":true},"in2DMode":false,"pivot":{"x":-56.96826171875,"y":4.154640197753906,"z":-536.6347045898438},"rotation":{"x":-0.011966671794652939,"y":0.9558493494987488,"z":-0.290972501039505,"w":-0.039309121668338779},"size":34.292171478271487,"orthographic":false}