{"cameraMode":{"drawMode":0,"name":"Shaded","section":"Shading Mode"},"sceneLighting":false,"audioPlay":false,"sceneViewState":{"showFog":true,"showMaterialUpdate":false,"showSkybox":false,"showFlares":true,"showImageEffects":true,"showParticleSystems":true},"in2DMode":false,"pivot":{"x":-0.02001023292541504,"y":1.1500000953674317,"z":-0.16678476333618165},"rotation":{"x":0.01918959803879261,"y":0.0005974822561256588,"z":0.000012026249351038132,"w":-0.9998158812522888},"size":3.446589231491089,"orthographic":true}