{"cameraMode":{"drawMode":0,"name":"Shaded","section":"Shading Mode"},"sceneLighting":true,"audioPlay":false,"sceneViewState":{"showFog":true,"showMaterialUpdate":false,"showSkybox":false,"showFlares":true,"showImageEffects":true,"showParticleSystems":true},"in2DMode":false,"pivot":{"x":0.1640000343322754,"y":1.3400001525878907,"z":1.1540002822875977},"rotation":{"x":0.01918959803879261,"y":0.0005974822561256588,"z":0.000012026249351038132,"w":-0.9998158812522888},"size":12.12435531616211,"orthographic":true}