{"cameraMode":{"drawMode":0,"name":"Shaded","section":"Shading Mode"},"sceneLighting":true,"audioPlay":false,"sceneViewState":{"showFog":true,"showMaterialUpdate":false,"showSkybox":true,"showFlares":true,"showImageEffects":true,"showParticleSystems":true},"in2DMode":false,"pivot":{"x":964.6927490234375,"y":139.9774627685547,"z":118.824951171875},"rotation":{"x":0.029681148007512094,"y":-0.018892977386713029,"z":-0.0005605502519756556,"w":-0.9993817806243897},"size":1641.23046875,"orthographic":false}