{"cameraMode":{"drawMode":0,"name":"Shaded","section":"Shading Mode"},"sceneLighting":true,"audioPlay":false,"sceneViewState":{"showFog":true,"showMaterialUpdate":false,"showSkybox":false,"showFlares":true,"showImageEffects":true,"showParticleSystems":true},"in2DMode":false,"pivot":{"x":7.518341541290283,"y":0.7520899772644043,"z":0.8596721887588501},"rotation":{"x":0.10784143209457398,"y":0.6459448337554932,"z":-0.09287957847118378,"w":0.749998927116394},"size":6.759754180908203,"orthographic":false}