{"cameraMode":{"drawMode":0,"name":"Shaded","section":"Shading Mode"},"sceneLighting":false,"audioPlay":false,"sceneViewState":{"showFog":true,"showMaterialUpdate":false,"showSkybox":false,"showFlares":true,"showImageEffects":true,"showParticleSystems":true},"in2DMode":false,"pivot":{"x":-0.024132728576660157,"y":-0.6634254455566406,"z":4.846107482910156},"rotation":{"x":-0.2309809923171997,"y":0.36734238266944888,"z":-0.09470225125551224,"w":-0.8959571719169617},"size":4.800017356872559,"orthographic":false}