{"cameraMode":{"drawMode":0,"name":"Shaded","section":"Shading Mode"},"sceneLighting":true,"audioPlay":false,"sceneViewState":{"showFog":true,"showMaterialUpdate":false,"showSkybox":true,"showFlares":true,"showImageEffects":true,"showParticleSystems":true},"in2DMode":false,"pivot":{"x":0.20124459266662599,"y":4.025078773498535,"z":-2.4737329483032228},"rotation":{"x":-0.04312225803732872,"y":0.9562076926231384,"z":-0.2221854031085968,"w":-0.1855829954147339},"size":0.4291449785232544,"orthographic":false}