{"cameraMode":{"drawMode":0,"name":"Shaded","section":"Shading Mode"},"sceneLighting":true,"audioPlay":false,"sceneViewState":{"showFog":true,"showMaterialUpdate":false,"showSkybox":false,"showFlares":true,"showImageEffects":true,"showParticleSystems":true},"in2DMode":false,"pivot":{"x":50.34947967529297,"y":15.178092956542969,"z":4.482509613037109},"rotation":{"x":-0.14662842452526093,"y":-0.8287021517753601,"z":0.2552674412727356,"w":-0.4760182499885559},"size":4.3351898193359379,"orthographic":false}