{"cameraMode":{"drawMode":0,"name":"Shaded","section":"Shading Mode"},"sceneLighting":true,"audioPlay":false,"sceneViewState":{"showFog":true,"showMaterialUpdate":false,"showSkybox":false,"showFlares":true,"showImageEffects":true,"showParticleSystems":true},"in2DMode":false,"pivot":{"x":115.61997985839844,"y":1.725693702697754,"z":50.54296112060547},"rotation":{"x":0.08560134470462799,"y":0.9133041501045227,"z":-0.3039872348308563,"w":0.2571810185909271},"size":13.718215942382813,"orthographic":false}