{"cameraMode":{"drawMode":0,"name":"Shaded","section":"Shading Mode"},"sceneLighting":true,"audioPlay":false,"sceneViewState":{"showFog":true,"showMaterialUpdate":false,"showSkybox":false,"showFlares":true,"showImageEffects":true,"showParticleSystems":true},"in2DMode":false,"pivot":{"x":-56.83392333984375,"y":1.2038148641586304,"z":-363.0924987792969},"rotation":{"x":-0.047589853405952457,"y":-0.6576152443885803,"z":0.04168907180428505,"w":-0.750693142414093},"size":3.872654438018799,"orthographic":false}