{"cameraMode":{"drawMode":0,"name":"Shaded","section":"Shading Mode"},"sceneLighting":true,"audioPlay":false,"sceneViewState":{"showFog":true,"showMaterialUpdate":false,"showSkybox":false,"showFlares":true,"showImageEffects":true,"showParticleSystems":true},"in2DMode":false,"pivot":{"x":-337.7884521484375,"y":8.7559814453125,"z":-288.3122863769531},"rotation":{"x":-0.3098768889904022,"y":0.35333356261253359,"z":-0.12530365586280824,"w":-0.8737533688545227},"size":329.7180480957031,"orthographic":false}