{"cameraMode":{"drawMode":0,"name":"Shaded","section":"Shading Mode"},"sceneLighting":true,"audioPlay":false,"sceneViewState":{"showFog":true,"showMaterialUpdate":false,"showSkybox":true,"showFlares":true,"showImageEffects":true,"showParticleSystems":true},"in2DMode":false,"pivot":{"x":381.47607421875,"y":209.23394775390626,"z":416.4508056640625},"rotation":{"x":0.2595895826816559,"y":-0.03849329426884651,"z":0.010361330583691597,"w":0.9649016261100769},"size":994.1478881835938,"orthographic":false}