{"cameraMode":{"drawMode":0,"name":"Shaded","section":"Shading Mode"},"sceneLighting":true,"audioPlay":false,"sceneViewState":{"showFog":true,"showMaterialUpdate":false,"showSkybox":false,"showFlares":true,"showImageEffects":true,"showParticleSystems":true},"in2DMode":false,"pivot":{"x":18.222875595092775,"y":1.078702688217163,"z":4.148085117340088},"rotation":{"x":0.04012346267700195,"y":0.6936133503913879,"z":-0.038750600069761279,"w":0.7181848883628845},"size":2.9633305072784426,"orthographic":false}