{"cameraMode":{"drawMode":0,"name":"Shaded","section":"Shading Mode"},"sceneLighting":false,"audioPlay":false,"sceneViewState":{"showFog":true,"showMaterialUpdate":false,"showSkybox":false,"showFlares":true,"showImageEffects":true,"showParticleSystems":true},"in2DMode":false,"pivot":{"x":0.11168141663074494,"y":0.05685195326805115,"z":0.2796889543533325},"rotation":{"x":-0.014127190224826336,"y":-0.982173502445221,"z":0.16840453445911408,"w":-0.08240832388401032},"size":0.44849056005477908,"orthographic":false}