{"cameraMode":{"drawMode":0,"name":"Shaded","section":"Shading Mode"},"sceneLighting":true,"audioPlay":false,"sceneViewState":{"showFog":true,"showMaterialUpdate":false,"showSkybox":false,"showFlares":true,"showImageEffects":true,"showParticleSystems":true},"in2DMode":false,"pivot":{"x":63.79236602783203,"y":2.5088396072387697,"z":16.746410369873048},"rotation":{"x":-0.14578303694725038,"y":0.8471320867538452,"z":-0.4158231019973755,"w":-0.2969944477081299},"size":32.544376373291019,"orthographic":false}