{"cameraMode":{"drawMode":0,"name":"Shaded","section":"Shading Mode"},"sceneLighting":true,"audioPlay":false,"sceneViewState":{"showFog":true,"showMaterialUpdate":false,"showSkybox":false,"showFlares":true,"showImageEffects":true,"showParticleSystems":true},"in2DMode":false,"pivot":{"x":-40.07449722290039,"y":17.051685333251954,"z":-540.3604736328125},"rotation":{"x":-0.1580629050731659,"y":0.5329623222351074,"z":-0.10211723297834397,"w":-0.8249478936195374},"size":142.98178100585938,"orthographic":false}