{"cameraMode":{"drawMode":0,"name":"Shaded","section":"Shading Mode"},"sceneLighting":true,"audioPlay":false,"sceneViewState":{"showFog":true,"showMaterialUpdate":false,"showSkybox":false,"showFlares":true,"showImageEffects":true,"showParticleSystems":true},"in2DMode":false,"pivot":{"x":-31.169998168945314,"y":-3.540416717529297,"z":-364.0133972167969},"rotation":{"x":-0.14578303694725038,"y":0.8471320867538452,"z":-0.4158231019973755,"w":-0.2969944477081299},"size":34.43494415283203,"orthographic":false}