{"cameraMode":{"drawMode":0,"name":"Shaded","section":"Shading Mode"},"sceneLighting":false,"audioPlay":false,"sceneViewState":{"showFog":true,"showMaterialUpdate":false,"showSkybox":false,"showFlares":true,"showImageEffects":true,"showParticleSystems":true},"in2DMode":false,"pivot":{"x":0.014530181884765625,"y":2.275852918624878,"z":0.0026144981384277345},"rotation":{"x":-0.020340334624052049,"y":0.8995921611785889,"z":-0.042139552533626559,"w":-0.43421801924705508},"size":6.16234016418457,"orthographic":false}