{"cameraMode":{"drawMode":0,"name":"Shaded","section":"Shading Mode"},"sceneLighting":true,"audioPlay":false,"sceneViewState":{"showFog":true,"showMaterialUpdate":false,"showSkybox":false,"showFlares":true,"showImageEffects":true,"showParticleSystems":true},"in2DMode":false,"pivot":{"x":-97.85104370117188,"y":11.807575225830079,"z":0.9186382293701172},"rotation":{"x":0.13963638246059419,"y":0.7345728278160095,"z":-0.15911142528057099,"w":0.6446619629859924},"size":28.591934204101564,"orthographic":false}