{"cameraMode":{"drawMode":0,"name":"Shaded","section":"Shading Mode"},"sceneLighting":false,"audioPlay":false,"sceneViewState":{"showFog":true,"showMaterialUpdate":false,"showSkybox":false,"showFlares":true,"showImageEffects":true,"showParticleSystems":true},"in2DMode":false,"pivot":{"x":0.001608133316040039,"y":1.0908071994781495,"z":-4.0},"rotation":{"x":-0.05049595236778259,"y":0.8188650012016296,"z":-0.07291415333747864,"w":-0.5670932531356812},"size":1.8704018592834473,"orthographic":false}