{"cameraMode":{"drawMode":0,"name":"Shaded","section":"Shading Mode"},"sceneLighting":true,"audioPlay":false,"sceneViewState":{"showFog":true,"showMaterialUpdate":false,"showSkybox":false,"showFlares":true,"showImageEffects":true,"showParticleSystems":true},"in2DMode":false,"pivot":{"x":-44.609466552734378,"y":-11.110121726989746,"z":-785.7058715820313},"rotation":{"x":-0.039731938391923907,"y":0.7642180323600769,"z":-0.047295473515987399,"w":-0.6419938206672669},"size":55.692447662353519,"orthographic":false}