{"cameraMode":{"drawMode":0,"name":"Shaded","section":"Shading Mode"},"sceneLighting":false,"audioPlay":false,"sceneViewState":{"showFog":true,"showMaterialUpdate":false,"showSkybox":false,"showFlares":true,"showImageEffects":true,"showParticleSystems":true},"in2DMode":false,"pivot":{"x":-0.0013408660888671876,"y":0.49354445934295657,"z":-0.00010091066360473633},"rotation":{"x":-0.19087405502796174,"y":-0.3319946229457855,"z":0.06878914684057236,"w":-0.921204686164856},"size":1.6040778160095215,"orthographic":false}