{"cameraMode":{"drawMode":0,"name":"Shaded","section":"Shading Mode"},"sceneLighting":true,"audioPlay":false,"sceneViewState":{"showFog":true,"showMaterialUpdate":false,"showSkybox":false,"showFlares":true,"showImageEffects":true,"showParticleSystems":true},"in2DMode":false,"pivot":{"x":122.45388793945313,"y":4.378376007080078,"z":6.983029365539551},"rotation":{"x":-0.14545461535453797,"y":0.8027982711791992,"z":-0.5355539917945862,"w":-0.21803663671016694},"size":15.531558990478516,"orthographic":false}