{"cameraMode":{"drawMode":0,"name":"Shaded","section":"Shading Mode"},"sceneLighting":false,"audioPlay":false,"sceneViewState":{"showFog":true,"showMaterialUpdate":false,"showSkybox":false,"showFlares":true,"showImageEffects":true,"showParticleSystems":true},"in2DMode":false,"pivot":{"x":-7.999999046325684,"y":2.3913609981536867,"z":-23.0},"rotation":{"x":0.0024396483786404135,"y":0.9965479373931885,"z":-0.07669459283351898,"w":0.03170217201113701},"size":3.286176919937134,"orthographic":false}