{"cameraMode":{"drawMode":0,"name":"Shaded","section":"Shading Mode"},"sceneLighting":false,"audioPlay":false,"sceneViewState":{"showFog":true,"showMaterialUpdate":false,"showSkybox":false,"showFlares":true,"showImageEffects":true,"showParticleSystems":true},"in2DMode":false,"pivot":{"x":0.012151718139648438,"y":1.2473232746124268,"z":0.0017914772033691407},"rotation":{"x":-0.020340334624052049,"y":0.8995921611785889,"z":-0.042139552533626559,"w":-0.43421801924705508},"size":3.2000346183776857,"orthographic":false}