{"cameraMode":{"drawMode":0,"name":"Shaded","section":"Shading Mode"},"sceneLighting":true,"audioPlay":false,"sceneViewState":{"showFog":true,"showMaterialUpdate":false,"showSkybox":false,"showFlares":true,"showImageEffects":true,"showParticleSystems":true},"in2DMode":false,"pivot":{"x":15.807088851928711,"y":0.35579973459243777,"z":3.8376543521881105},"rotation":{"x":0.0686379000544548,"y":0.8394959568977356,"z":-0.10916352272033692,"w":0.5278450846672058},"size":1.5325655937194825,"orthographic":false}