{"cameraMode":{"drawMode":0,"name":"Shaded","section":"Shading Mode"},"sceneLighting":true,"audioPlay":false,"sceneViewState":{"showFog":true,"showMaterialUpdate":false,"showSkybox":true,"showFlares":true,"showImageEffects":true,"showParticleSystems":true},"in2DMode":false,"pivot":{"x":-38.314208984375,"y":-72.09951782226563,"z":-309.7579040527344},"rotation":{"x":-0.279977023601532,"y":0.5886410474777222,"z":-0.22784405946731568,"w":-0.7233262658119202},"size":293.3285827636719,"orthographic":false}