{"cameraMode":{"drawMode":0,"name":"Shaded","section":"Shading Mode"},"sceneLighting":false,"audioPlay":false,"sceneViewState":{"showFog":true,"showMaterialUpdate":false,"showSkybox":false,"showFlares":true,"showImageEffects":true,"showParticleSystems":true},"in2DMode":false,"pivot":{"x":0.002271890640258789,"y":1.993664026260376,"z":0.2804110050201416},"rotation":{"x":0.0024396483786404135,"y":0.9965479373931885,"z":-0.07669459283351898,"w":0.03170217201113701},"size":3.052788019180298,"orthographic":false}