{"cameraMode":{"drawMode":0,"name":"Shaded","section":"Shading Mode"},"sceneLighting":false,"audioPlay":false,"sceneViewState":{"showFog":true,"showMaterialUpdate":false,"showSkybox":false,"showFlares":true,"showImageEffects":true,"showParticleSystems":true},"in2DMode":false,"pivot":{"x":-4.76837158203125e-7,"y":1.102001667022705,"z":5.001608371734619},"rotation":{"x":-0.18896402418613435,"y":0.7891942858695984,"z":-0.295982301235199,"w":-0.5038455724716187},"size":1.877740502357483,"orthographic":false}