{"cameraMode":{"drawMode":0,"name":"Shaded","section":"Shading Mode"},"sceneLighting":true,"audioPlay":false,"sceneViewState":{"showFog":true,"showMaterialUpdate":false,"showSkybox":false,"showFlares":true,"showImageEffects":true,"showParticleSystems":true},"in2DMode":false,"pivot":{"x":-4.328709602355957,"y":-2.1235251426696779,"z":-11.028374671936036},"rotation":{"x":-0.006763246841728687,"y":0.9897899627685547,"z":-0.1332392543554306,"w":-0.05022357031702995},"size":9.950735092163086,"orthographic":false}