{"cameraMode":{"drawMode":0,"name":"Shaded","section":"Shading Mode"},"sceneLighting":false,"audioPlay":false,"sceneViewState":{"showFog":true,"showMaterialUpdate":false,"showSkybox":false,"showFlares":true,"showImageEffects":true,"showParticleSystems":true},"in2DMode":false,"pivot":{"x":-0.0014074444770812989,"y":0.0011831820011138917,"z":-0.00005799531936645508},"rotation":{"x":-0.032068923115730289,"y":0.9493861794471741,"z":-0.10323089361190796,"w":-0.2949267625808716},"size":0.792746365070343,"orthographic":false}