{"cameraMode":{"drawMode":0,"name":"Shaded","section":"Shading Mode"},"sceneLighting":true,"audioPlay":false,"sceneViewState":{"showFog":true,"showMaterialUpdate":false,"showSkybox":false,"showFlares":true,"showImageEffects":true,"showParticleSystems":true},"in2DMode":false,"pivot":{"x":-41.433292388916019,"y":-11.833670616149903,"z":6.2051615715026859},"rotation":{"x":0.00022047720267437398,"y":0.6805311441421509,"z":-0.7327190637588501,"w":0.0002051709743682295},"size":24.04183578491211,"orthographic":false}