{"cameraMode":{"drawMode":0,"name":"Shaded","section":"Shading Mode"},"sceneLighting":false,"audioPlay":false,"sceneViewState":{"showFog":true,"showMaterialUpdate":false,"showSkybox":false,"showFlares":true,"showImageEffects":true,"showParticleSystems":true},"in2DMode":false,"pivot":{"x":1.6155691146850587,"y":-0.8624496459960938,"z":-3.0182344913482668},"rotation":{"x":-0.060438744723796847,"y":-0.9317103624343872,"z":0.1828705221414566,"w":-0.3079420030117035},"size":6.165839672088623,"orthographic":false}