{"cameraMode":{"drawMode":0,"name":"Shaded","section":"Shading Mode"},"sceneLighting":false,"audioPlay":false,"sceneViewState":{"showFog":true,"showMaterialUpdate":false,"showSkybox":false,"showFlares":true,"showImageEffects":true,"showParticleSystems":true},"in2DMode":false,"pivot":{"x":-0.0027151107788085939,"y":0.5967860221862793,"z":0.7183143496513367},"rotation":{"x":-0.01540242787450552,"y":-0.6908667683601379,"z":0.014723536558449269,"w":-0.7226707339286804},"size":2.12203311920166,"orthographic":false}