{"cameraMode":{"drawMode":0,"name":"Shaded","section":"Shading Mode"},"sceneLighting":true,"audioPlay":false,"sceneViewState":{"showFog":true,"showMaterialUpdate":false,"showSkybox":false,"showFlares":true,"showImageEffects":true,"showParticleSystems":true},"in2DMode":false,"pivot":{"x":-127.1844253540039,"y":1.9399242401123047,"z":-35.17374038696289},"rotation":{"x":-0.020340334624052049,"y":0.8995921611785889,"z":-0.042139552533626559,"w":-0.43421801924705508},"size":2.366025447845459,"orthographic":false}