{"cameraMode":{"drawMode":0,"name":"Shaded","section":"Shading Mode"},"sceneLighting":false,"audioPlay":false,"sceneViewState":{"showFog":true,"showMaterialUpdate":false,"showSkybox":false,"showFlares":true,"showImageEffects":true,"showParticleSystems":true},"in2DMode":false,"pivot":{"x":4.76837158203125e-7,"y":2.3913612365722658,"z":-3.89619779586792},"rotation":{"x":0.20878833532333375,"y":-0.7275323867797852,"z":0.2518911361694336,"w":0.6030397415161133},"size":4.767171859741211,"orthographic":false}