{"cameraMode":{"drawMode":0,"name":"Shaded","section":"Shading Mode"},"sceneLighting":true,"audioPlay":false,"sceneViewState":{"showFog":true,"showMaterialUpdate":false,"showSkybox":false,"showFlares":true,"showImageEffects":true,"showParticleSystems":true},"in2DMode":false,"pivot":{"x":-8.999994277954102,"y":2.1515307426452638,"z":-1.2753584384918213},"rotation":{"x":-0.05049595236778259,"y":0.8188650012016296,"z":-0.07291415333747864,"w":-0.5670932531356812},"size":2.5336101055145265,"orthographic":false}