{"cameraMode":{"drawMode":0,"name":"Shaded","section":"Shading Mode"},"sceneLighting":true,"audioPlay":false,"sceneViewState":{"showFog":true,"showMaterialUpdate":false,"showSkybox":false,"showFlares":true,"showImageEffects":true,"showParticleSystems":true},"in2DMode":false,"pivot":{"x":-17.061464309692384,"y":37.4931526184082,"z":40.275474548339847},"rotation":{"x":-0.14545461535453797,"y":0.8027982711791992,"z":-0.5355539917945862,"w":-0.21803663671016694},"size":24.059476852416993,"orthographic":false}