{"cameraMode":{"drawMode":0,"name":"Shaded","section":"Shading Mode"},"sceneLighting":true,"audioPlay":false,"sceneViewState":{"showFog":true,"showMaterialUpdate":false,"showSkybox":false,"showFlares":true,"showImageEffects":true,"showParticleSystems":true},"in2DMode":false,"pivot":{"x":58.28254699707031,"y":2.24399995803833,"z":-0.20804977416992188},"rotation":{"x":-0.14578303694725038,"y":0.8471320867538452,"z":-0.4158231019973755,"w":-0.2969944477081299},"size":6.95795202255249,"orthographic":false}