{"cameraMode":{"drawMode":0,"name":"Shaded","section":"Shading Mode"},"sceneLighting":true,"audioPlay":false,"sceneViewState":{"showFog":true,"showMaterialUpdate":false,"showSkybox":true,"showFlares":true,"showImageEffects":true,"showParticleSystems":true},"in2DMode":false,"pivot":{"x":-20.33452606201172,"y":24.1538028717041,"z":-447.31231689453127},"rotation":{"x":-0.14162904024124146,"y":0.6649880409240723,"z":-0.1305188089609146,"w":-0.7215929627418518},"size":64.08465576171875,"orthographic":false}