{"cameraMode":{"drawMode":0,"name":"Shaded","section":"Shading Mode"},"sceneLighting":true,"audioPlay":false,"sceneViewState":{"showFog":true,"showMaterialUpdate":false,"showSkybox":false,"showFlares":true,"showImageEffects":true,"showParticleSystems":true},"in2DMode":false,"pivot":{"x":-1.4065895080566407,"y":3.245203971862793,"z":0.8210169076919556},"rotation":{"x":-0.018005816265940667,"y":0.980163037776947,"z":-0.10599056631326676,"w":-0.16652829945087434},"size":1.5073950290679932,"orthographic":false}