{"cameraMode":{"drawMode":0,"name":"Shaded","section":"Shading Mode"},"sceneLighting":true,"audioPlay":false,"sceneViewState":{"showFog":true,"showMaterialUpdate":false,"showSkybox":false,"showFlares":true,"showImageEffects":true,"showParticleSystems":true},"in2DMode":false,"pivot":{"x":-75.34562683105469,"y":29.90676498413086,"z":-172.244873046875},"rotation":{"x":-0.14545461535453797,"y":0.8027982711791992,"z":-0.5355539917945862,"w":-0.21803663671016694},"size":76.39788055419922,"orthographic":false}