{"cameraMode":{"drawMode":0,"name":"Shaded","section":"Shading Mode"},"sceneLighting":true,"audioPlay":false,"sceneViewState":{"showFog":true,"showMaterialUpdate":false,"showSkybox":false,"showFlares":true,"showImageEffects":true,"showParticleSystems":true},"in2DMode":false,"pivot":{"x":-70.65122985839844,"y":66.52206420898438,"z":-412.5220642089844},"rotation":{"x":-0.31398719549179079,"y":0.6011737585067749,"z":-0.27739256620407107,"w":-0.6804817318916321},"size":142.98178100585938,"orthographic":false}