{"cameraMode":{"drawMode":0,"name":"Shaded","section":"Shading Mode"},"sceneLighting":false,"audioPlay":false,"sceneViewState":{"showFog":true,"showMaterialUpdate":false,"showSkybox":false,"showFlares":true,"showImageEffects":true,"showParticleSystems":true},"in2DMode":false,"pivot":{"x":0.011009693145751953,"y":2.3913609981536867,"z":-1.907578706741333},"rotation":{"x":-0.020340334624052049,"y":0.8995921611785889,"z":-0.042139552533626559,"w":-0.43421801924705508},"size":3.2822864055633547,"orthographic":false}