{"cameraMode":{"drawMode":0,"name":"Shaded","section":"Shading Mode"},"sceneLighting":true,"audioPlay":false,"sceneViewState":{"showFog":true,"showMaterialUpdate":false,"showSkybox":false,"showFlares":true,"showImageEffects":true,"showParticleSystems":true},"in2DMode":false,"pivot":{"x":-0.5346593856811523,"y":2.3839213848114015,"z":-0.23789119720458985},"rotation":{"x":0.024190407246351243,"y":0.9747997522354126,"z":-0.13270998001098634,"w":0.17768752574920655},"size":3.6959047317504885,"orthographic":false}