{"cameraMode":{"drawMode":0,"name":"Shaded","section":"Shading Mode"},"sceneLighting":false,"audioPlay":false,"sceneViewState":{"showFog":true,"showMaterialUpdate":false,"showSkybox":false,"showFlares":true,"showImageEffects":true,"showParticleSystems":true},"in2DMode":false,"pivot":{"x":-3.998396873474121,"y":1.0798672437667847,"z":0.0},"rotation":{"x":-0.05049595236778259,"y":0.8188650012016296,"z":-0.07291415333747864,"w":-0.5670932531356812},"size":2.5439677238464357,"orthographic":false}