{"cameraMode":{"drawMode":0,"name":"Shaded","section":"Shading Mode"},"sceneLighting":true,"audioPlay":false,"sceneViewState":{"showFog":true,"showMaterialUpdate":false,"showSkybox":true,"showFlares":true,"showImageEffects":true,"showParticleSystems":true},"in2DMode":false,"pivot":{"x":62.71734619140625,"y":-3.9890060424804689,"z":-956.4640502929688},"rotation":{"x":-0.24772000312805177,"y":0.6802420020103455,"z":-0.2644738256931305,"w":-0.6371486783027649},"size":130.736083984375,"orthographic":false}