{"cameraMode":{"drawMode":0,"name":"Shaded","section":"Shading Mode"},"sceneLighting":false,"audioPlay":false,"sceneViewState":{"showFog":true,"showMaterialUpdate":false,"showSkybox":false,"showFlares":true,"showImageEffects":true,"showParticleSystems":true},"in2DMode":false,"pivot":{"x":54.254425048828128,"y":4.456627368927002,"z":-1.4401884078979493},"rotation":{"x":0.04801182821393013,"y":0.9352891445159912,"z":0.1396254301071167,"w":-0.3216131925582886},"size":6.8543009757995609,"orthographic":false}