{"cameraMode":{"drawMode":0,"name":"Shaded","section":"Shading Mode"},"sceneLighting":false,"audioPlay":false,"sceneViewState":{"showFog":true,"showMaterialUpdate":false,"showSkybox":false,"showFlares":true,"showImageEffects":true,"showParticleSystems":true},"in2DMode":false,"pivot":{"x":-16.0,"y":-2.8955678939819338,"z":8.241527557373047},"rotation":{"x":0.012616264633834362,"y":0.8865255117416382,"z":-0.024216074496507646,"w":0.4618743658065796},"size":2.969632863998413,"orthographic":false}