{"cameraMode":{"drawMode":0,"name":"Shaded","section":"Shading Mode"},"sceneLighting":true,"audioPlay":false,"sceneViewState":{"showFog":true,"showMaterialUpdate":false,"showSkybox":false,"showFlares":true,"showImageEffects":true,"showParticleSystems":true},"in2DMode":false,"pivot":{"x":2.4276695251464845,"y":21.185688018798829,"z":-5.72524356842041},"rotation":{"x":-0.14545461535453797,"y":0.8027982711791992,"z":-0.5355539917945862,"w":-0.21803663671016694},"size":60.62177658081055,"orthographic":false}