{"cameraMode":{"drawMode":0,"name":"Shaded","section":"Shading Mode"},"sceneLighting":false,"audioPlay":false,"sceneViewState":{"showFog":true,"showMaterialUpdate":false,"showSkybox":false,"showFlares":true,"showImageEffects":true,"showParticleSystems":true},"in2DMode":false,"pivot":{"x":20.13042449951172,"y":0.08548831939697266,"z":9.699135780334473},"rotation":{"x":-0.15498359501361848,"y":-0.6052770614624023,"z":0.12163043767213822,"w":-0.7712517380714417},"size":14.538108825683594,"orthographic":false}