{"cameraMode":{"drawMode":0,"name":"Shaded","section":"Shading Mode"},"sceneLighting":true,"audioPlay":false,"sceneViewState":{"showFog":true,"showMaterialUpdate":false,"showSkybox":false,"showFlares":true,"showImageEffects":true,"showParticleSystems":true},"in2DMode":false,"pivot":{"x":37.36908721923828,"y":26.971599578857423,"z":2.389461040496826},"rotation":{"x":0.4125274121761322,"y":-0.20083744823932649,"z":0.09376854449510575,"w":0.883568525314331},"size":6.159915924072266,"orthographic":false}