{"cameraMode":{"drawMode":0,"name":"Shaded","section":"Shading Mode"},"sceneLighting":true,"audioPlay":false,"sceneViewState":{"showFog":true,"showMaterialUpdate":false,"showSkybox":false,"showFlares":true,"showImageEffects":true,"showParticleSystems":true},"in2DMode":false,"pivot":{"x":57.194000244140628,"y":0.09146738052368164,"z":-0.7350001335144043},"rotation":{"x":-0.14545461535453797,"y":0.8027982711791992,"z":-0.5355539917945862,"w":-0.21803663671016694},"size":9.143339157104493,"orthographic":false}