{"cameraMode":{"drawMode":0,"name":"Shaded","section":"Shading Mode"},"sceneLighting":true,"audioPlay":false,"sceneViewState":{"showFog":true,"showMaterialUpdate":false,"showSkybox":false,"showFlares":true,"showImageEffects":true,"showParticleSystems":true},"in2DMode":false,"pivot":{"x":-0.20848655700683595,"y":8.870140075683594,"z":-330.94659423828127},"rotation":{"x":0.2829703986644745,"y":0.7149498462677002,"z":-0.4831739366054535,"w":0.4187111556529999},"size":30.063535690307618,"orthographic":false}