{"cameraMode":{"drawMode":0,"name":"Shaded","section":"Shading Mode"},"sceneLighting":true,"audioPlay":false,"sceneViewState":{"showFog":true,"showMaterialUpdate":false,"showSkybox":false,"showFlares":true,"showImageEffects":true,"showParticleSystems":true},"in2DMode":false,"pivot":{"x":513.4898681640625,"y":-72.56497192382813,"z":0.7876358032226563},"rotation":{"x":-0.04378548637032509,"y":0.021574821323156358,"z":-0.000945346022490412,"w":-0.998809278011322},"size":682.9028930664063,"orthographic":false}