{"cameraMode":{"drawMode":0,"name":"Shaded","section":"Shading Mode"},"sceneLighting":true,"audioPlay":false,"sceneViewState":{"showFog":true,"showMaterialUpdate":false,"showSkybox":true,"showFlares":true,"showImageEffects":true,"showParticleSystems":true},"in2DMode":false,"pivot":{"x":-30.983318328857423,"y":13.4620361328125,"z":-657.7401733398438},"rotation":{"x":-0.4205443859100342,"y":0.5405423045158386,"z":-0.3582627475261688,"w":-0.6345125436782837},"size":7.114195346832275,"orthographic":false}