{"cameraMode":{"drawMode":0,"name":"Shaded","section":"Shading Mode"},"sceneLighting":true,"audioPlay":false,"sceneViewState":{"showFog":true,"showMaterialUpdate":false,"showSkybox":true,"showFlares":true,"showImageEffects":true,"showParticleSystems":true},"in2DMode":false,"pivot":{"x":869.7571411132813,"y":165.22802734375,"z":786.566650390625},"rotation":{"x":-0.04378548637032509,"y":0.021574821323156358,"z":-0.000945346022490412,"w":-0.998809278011322},"size":1768.86669921875,"orthographic":false}