{"cameraMode":{"drawMode":0,"name":"Shaded","section":"Shading Mode"},"sceneLighting":true,"audioPlay":false,"sceneViewState":{"showFog":true,"showMaterialUpdate":false,"showSkybox":true,"showFlares":true,"showImageEffects":true,"showParticleSystems":true},"in2DMode":false,"pivot":{"x":254.99240112304688,"y":238.69296264648438,"z":-592.3197021484375},"rotation":{"x":-0.04378548637032509,"y":0.021574821323156358,"z":-0.000945346022490412,"w":-0.998809278011322},"size":615.487060546875,"orthographic":false}