{"cameraMode":{"drawMode":0,"name":"Shaded","section":"Shading Mode"},"sceneLighting":true,"audioPlay":false,"sceneViewState":{"showFog":true,"showMaterialUpdate":false,"showSkybox":true,"showFlares":true,"showImageEffects":true,"showParticleSystems":true},"in2DMode":false,"pivot":{"x":54.82190704345703,"y":59.9893798828125,"z":-32.22031784057617},"rotation":{"x":0.0023701980244368316,"y":0.9947060942649841,"z":0.09999480843544007,"w":-0.023578045889735223},"size":34.90824508666992,"orthographic":false}