{"cameraMode":{"drawMode":0,"name":"Shaded","section":"Shading Mode"},"sceneLighting":true,"audioPlay":false,"sceneViewState":{"showFog":true,"showMaterialUpdate":false,"showSkybox":false,"showFlares":true,"showImageEffects":true,"showParticleSystems":true},"in2DMode":false,"pivot":{"x":-1.0162657499313355,"y":2.9250001907348635,"z":0.377636194229126},"rotation":{"x":-0.24828501045703889,"y":0.5879403948783875,"z":-0.19608962535858155,"w":-0.7444725632667542},"size":1.2452409267425538,"orthographic":false}