{"cameraMode":{"drawMode":0,"name":"Shaded","section":"Shading Mode"},"sceneLighting":true,"audioPlay":false,"sceneViewState":{"showFog":true,"showMaterialUpdate":false,"showSkybox":false,"showFlares":true,"showImageEffects":true,"showParticleSystems":true},"in2DMode":false,"pivot":{"x":113.59818267822266,"y":-6.414741516113281,"z":1.150482177734375},"rotation":{"x":-0.5295668244361877,"y":0.256193071603775,"z":-0.17168979346752168,"w":-0.7902225255966187},"size":36.0537109375,"orthographic":false}