{"cameraMode":{"drawMode":0,"name":"Shaded","section":"Shading Mode"},"sceneLighting":true,"audioPlay":false,"sceneViewState":{"showFog":true,"showMaterialUpdate":false,"showSkybox":false,"showFlares":true,"showImageEffects":true,"showParticleSystems":true},"in2DMode":false,"pivot":{"x":4.315646648406982,"y":4.0931396484375,"z":0.9557617902755737},"rotation":{"x":-0.09009531885385513,"y":0.7631187438964844,"z":-0.10902522504329682,"w":-0.6305972933769226},"size":4.816241264343262,"orthographic":false}