{"cameraMode":{"drawMode":0,"name":"Shaded","section":"Shading Mode"},"sceneLighting":true,"audioPlay":false,"sceneViewState":{"showFog":true,"showMaterialUpdate":false,"showSkybox":false,"showFlares":true,"showImageEffects":true,"showParticleSystems":true},"in2DMode":false,"pivot":{"x":-1.2875404357910157,"y":26.52863311767578,"z":19.021297454833986},"rotation":{"x":-0.2311730533838272,"y":0.6838712692260742,"z":-0.24415074288845063,"w":-0.6475154757499695},"size":19.54200553894043,"orthographic":false}