{"cameraMode":{"drawMode":0,"name":"Shaded","section":"Shading Mode"},"sceneLighting":true,"audioPlay":false,"sceneViewState":{"showFog":true,"showMaterialUpdate":false,"showSkybox":false,"showFlares":true,"showImageEffects":true,"showParticleSystems":true},"in2DMode":false,"pivot":{"x":-4.564176082611084,"y":19.266756057739259,"z":-13.226167678833008},"rotation":{"x":0.024720430374145509,"y":0.3515869081020355,"z":-0.009285250678658486,"w":0.9357876777648926},"size":-2.5541183948516847,"orthographic":false}