{"cameraMode":{"drawMode":0,"name":"Shaded","section":"Shading Mode"},"sceneLighting":true,"audioPlay":false,"sceneViewState":{"showFog":true,"showMaterialUpdate":false,"showSkybox":false,"showFlares":true,"showImageEffects":true,"showParticleSystems":true},"in2DMode":false,"pivot":{"x":-27.992321014404298,"y":21.535987854003908,"z":-145.1461181640625},"rotation":{"x":0.030971355736255647,"y":-0.7560836672782898,"z":0.03587185591459274,"w":0.6527615785598755},"size":13.173300743103028,"orthographic":false}