{"cameraMode":{"drawMode":0,"name":"Shaded","section":"Shading Mode"},"sceneLighting":true,"audioPlay":false,"sceneViewState":{"showFog":true,"showMaterialUpdate":false,"showSkybox":false,"showFlares":true,"showImageEffects":true,"showParticleSystems":true},"in2DMode":false,"pivot":{"x":-40.234100341796878,"y":18.273197174072267,"z":-373.3923034667969},"rotation":{"x":-0.24281969666481019,"y":0.1520473062992096,"z":-0.038567714393138888,"w":-0.9573072791099548},"size":32.95216369628906,"orthographic":false}