{"cameraMode":{"drawMode":0,"name":"Shaded","section":"Shading Mode"},"sceneLighting":true,"audioPlay":false,"sceneViewState":{"showFog":true,"showMaterialUpdate":false,"showSkybox":false,"showFlares":true,"showImageEffects":true,"showParticleSystems":true},"in2DMode":false,"pivot":{"x":-70.87970733642578,"y":17.10118293762207,"z":-181.0602264404297},"rotation":{"x":0.01894569955766201,"y":0.9806075692176819,"z":-0.12213251739740372,"w":0.15212000906467439},"size":0.9594480395317078,"orthographic":false}