{"cameraMode":{"drawMode":0,"name":"Shaded","section":"Shading Mode"},"sceneLighting":true,"audioPlay":false,"sceneViewState":{"showFog":true,"showMaterialUpdate":false,"showSkybox":false,"showFlares":true,"showImageEffects":true,"showParticleSystems":true},"in2DMode":false,"pivot":{"x":109.78630065917969,"y":5.602360248565674,"z":58.70757293701172},"rotation":{"x":0.023403579369187356,"y":-0.018914254382252694,"z":0.00043860459118150175,"w":0.9995504021644592},"size":0.3688684105873108,"orthographic":false}