{"cameraMode":{"drawMode":0,"name":"Shaded","section":"Shading Mode"},"sceneLighting":true,"audioPlay":false,"sceneViewState":{"showFog":true,"showMaterialUpdate":false,"showSkybox":false,"showFlares":true,"showImageEffects":true,"showParticleSystems":true},"in2DMode":false,"pivot":{"x":-17.061464309692384,"y":37.4931526184082,"z":40.275474548339847},"rotation":{"x":-0.49811020493507388,"y":0.2639075517654419,"z":-0.1623174250125885,"w":-0.809874415397644},"size":2.6459858417510988,"orthographic":false}