{"cameraMode":{"drawMode":0,"name":"Shaded","section":"Shading Mode"},"sceneLighting":true,"audioPlay":false,"sceneViewState":{"showFog":true,"showMaterialUpdate":false,"showSkybox":false,"showFlares":true,"showImageEffects":true,"showParticleSystems":true},"in2DMode":false,"pivot":{"x":16.072965621948243,"y":0.24373093247413636,"z":4.022144794464111},"rotation":{"x":0.0249022226780653,"y":-0.020097991451621057,"z":0.0005006430437788367,"w":0.9994893670082092},"size":1.3826062679290772,"orthographic":false}