{"cameraMode":{"drawMode":0,"name":"Shaded","section":"Shading Mode"},"sceneLighting":true,"audioPlay":false,"sceneViewState":{"showFog":true,"showMaterialUpdate":false,"showSkybox":false,"showFlares":true,"showImageEffects":true,"showParticleSystems":true},"in2DMode":false,"pivot":{"x":111.15068817138672,"y":7.167994499206543,"z":49.97671127319336},"rotation":{"x":-0.03282852843403816,"y":-0.8996432423591614,"z":0.42993733286857607,"w":-0.06869364529848099},"size":44.70953369140625,"orthographic":false}