{"cameraMode":{"drawMode":0,"name":"Shaded","section":"Shading Mode"},"sceneLighting":true,"audioPlay":false,"sceneViewState":{"showFog":true,"showMaterialUpdate":false,"showSkybox":false,"showFlares":true,"showImageEffects":true,"showParticleSystems":true},"in2DMode":false,"pivot":{"x":-118.00819396972656,"y":4.78221321105957,"z":-157.7363739013672},"rotation":{"x":-0.008995489217340947,"y":0.031493596732616428,"z":0.000283391767879948,"w":0.9994668960571289},"size":6.065269947052002,"orthographic":false}