{"cameraMode":{"drawMode":0,"name":"Shaded","section":"Shading Mode"},"sceneLighting":true,"audioPlay":false,"sceneViewState":{"showFog":true,"showMaterialUpdate":false,"showSkybox":false,"showFlares":true,"showImageEffects":true,"showParticleSystems":true},"in2DMode":false,"pivot":{"x":6.496147155761719,"y":32.619232177734378,"z":-503.73101806640627},"rotation":{"x":-0.004213009495288134,"y":-0.9679802656173706,"z":0.016272475942969323,"w":-0.2504751980304718},"size":71.41085815429688,"orthographic":false}