{"cameraMode":{"drawMode":0,"name":"Shaded","section":"Shading Mode"},"sceneLighting":true,"audioPlay":false,"sceneViewState":{"showFog":true,"showMaterialUpdate":false,"showSkybox":false,"showFlares":true,"showImageEffects":true,"showParticleSystems":true},"in2DMode":false,"pivot":{"x":-0.7969479560852051,"y":3.1579673290252687,"z":1.0921921730041505},"rotation":{"x":0.0937841385602951,"y":-0.7707967162132263,"z":0.11673892289400101,"w":0.6192335486412048},"size":3.007394790649414,"orthographic":false}