{"cameraMode":{"drawMode":0,"name":"Shaded","section":"Shading Mode"},"sceneLighting":false,"audioPlay":false,"sceneViewState":{"showFog":true,"showMaterialUpdate":false,"showSkybox":false,"showFlares":true,"showImageEffects":true,"showParticleSystems":true},"in2DMode":false,"pivot":{"x":0.16997241973876954,"y":2.144541025161743,"z":0.41972970962524416},"rotation":{"x":0.24952492117881776,"y":-0.1417347639799118,"z":0.03694666922092438,"w":0.9572268128395081},"size":17.27734375,"orthographic":false}