{"cameraMode":{"drawMode":0,"name":"Shaded","section":"Shading Mode"},"sceneLighting":true,"audioPlay":false,"sceneViewState":{"showFog":true,"showMaterialUpdate":false,"showSkybox":false,"showFlares":true,"showImageEffects":true,"showParticleSystems":true},"in2DMode":false,"pivot":{"x":-64.21046447753906,"y":-2.724945068359375,"z":-379.3209533691406},"rotation":{"x":0.7296507954597473,"y":-0.0012462735176086426,"z":0.0013257721439003945,"w":0.6838218569755554},"size":73.87323760986328,"orthographic":false}