{"cameraMode":{"drawMode":0,"name":"Shaded","section":"Shading Mode"},"sceneLighting":true,"audioPlay":false,"sceneViewState":{"showFog":true,"showMaterialUpdate":false,"showSkybox":false,"showFlares":true,"showImageEffects":true,"showParticleSystems":true},"in2DMode":false,"pivot":{"x":0.12466573715209961,"y":10.087501525878907,"z":2.6166324615478517},"rotation":{"x":0.24952492117881776,"y":-0.1417347639799118,"z":0.03694666922092438,"w":0.9572268128395081},"size":12.124356269836426,"orthographic":false}