{"cameraMode":{"drawMode":0,"name":"Shaded","section":"Shading Mode"},"sceneLighting":true,"audioPlay":false,"sceneViewState":{"showFog":true,"showMaterialUpdate":false,"showSkybox":false,"showFlares":true,"showImageEffects":true,"showParticleSystems":true},"in2DMode":false,"pivot":{"x":-1.53607976436615,"y":3.0360848903656008,"z":3.6052489280700685},"rotation":{"x":-0.042840972542762759,"y":-0.17148377001285554,"z":-0.007464427035301924,"w":0.9842286109924316},"size":2.8976263999938967,"orthographic":false}