{"cameraMode":{"drawMode":0,"name":"Shaded","section":"Shading Mode"},"sceneLighting":true,"audioPlay":false,"sceneViewState":{"showFog":true,"showMaterialUpdate":false,"showSkybox":false,"showFlares":true,"showImageEffects":true,"showParticleSystems":true},"in2DMode":false,"pivot":{"x":-1.118713617324829,"y":3.2152628898620607,"z":0.2766838073730469},"rotation":{"x":-0.0242153350263834,"y":-0.947973906993866,"z":0.07438772916793823,"w":-0.3085913062095642},"size":2.400604248046875,"orthographic":false}