{"cameraMode":{"drawMode":0,"name":"Shaded","section":"Shading Mode"},"sceneLighting":true,"audioPlay":false,"sceneViewState":{"showFog":true,"showMaterialUpdate":false,"showSkybox":false,"showFlares":true,"showImageEffects":true,"showParticleSystems":true},"in2DMode":false,"pivot":{"x":-18.14760398864746,"y":6.510766506195068,"z":-4.249217987060547},"rotation":{"x":0.033564429730176929,"y":0.6707738041877747,"z":-0.030413957312703134,"w":0.7402802109718323},"size":7.830776691436768,"orthographic":false}