{"cameraMode":{"drawMode":0,"name":"Shaded","section":"Shading Mode"},"sceneLighting":true,"audioPlay":false,"sceneViewState":{"showFog":true,"showMaterialUpdate":false,"showSkybox":false,"showFlares":true,"showImageEffects":true,"showParticleSystems":true},"in2DMode":false,"pivot":{"x":24.393993377685548,"y":6.910372734069824,"z":-45.12397384643555},"rotation":{"x":0.13133856654167176,"y":-0.8061406016349793,"z":0.19497957825660706,"w":0.5430209636688232},"size":15.034574508666993,"orthographic":false}