{"cameraMode":{"drawMode":0,"name":"Shaded","section":"Shading Mode"},"sceneLighting":false,"audioPlay":false,"sceneViewState":{"showFog":true,"showMaterialUpdate":false,"showSkybox":false,"showFlares":true,"showImageEffects":true,"showParticleSystems":true},"in2DMode":false,"pivot":{"x":-0.03126811981201172,"y":1.9931824207305909,"z":-6.0057454109191898},"rotation":{"x":-0.03282852843403816,"y":-0.8996432423591614,"z":0.42993733286857607,"w":-0.06869364529848099},"size":3.562157154083252,"orthographic":false}