{"cameraMode":{"drawMode":0,"name":"Shaded","section":"Shading Mode"},"sceneLighting":true,"audioPlay":false,"sceneViewState":{"showFog":true,"showMaterialUpdate":false,"showSkybox":true,"showFlares":true,"showImageEffects":true,"showParticleSystems":true},"in2DMode":false,"pivot":{"x":679.9199829101563,"y":-97.64268493652344,"z":-712.8800048828125},"rotation":{"x":-0.10248599201440811,"y":-0.8897001147270203,"z":0.3707277774810791,"w":-0.24595265090465547},"size":22.40215301513672,"orthographic":false}