{"cameraMode":{"drawMode":0,"name":"Shaded","section":"Shading Mode"},"sceneLighting":true,"audioPlay":false,"sceneViewState":{"showFog":true,"showMaterialUpdate":false,"showSkybox":false,"showFlares":true,"showImageEffects":true,"showParticleSystems":true},"in2DMode":false,"pivot":{"x":31.063488006591798,"y":16.926925659179689,"z":-21.91503143310547},"rotation":{"x":0.0221717432141304,"y":-0.9765445590019226,"z":0.12400846183300019,"w":0.17465415596961976},"size":6.085790157318115,"orthographic":false}