{"cameraMode":{"drawMode":0,"name":"Shaded","section":"Shading Mode"},"sceneLighting":true,"audioPlay":false,"sceneViewState":{"showFog":true,"showMaterialUpdate":false,"showSkybox":false,"showFlares":true,"showImageEffects":true,"showParticleSystems":true},"in2DMode":false,"pivot":{"x":1.3192687034606934,"y":2.992798328399658,"z":-3.1809897422790529},"rotation":{"x":0.029918447136878969,"y":0.9511311054229736,"z":-0.09765086323022843,"w":0.29140883684158327},"size":5.463500499725342,"orthographic":false}