{"cameraMode":{"drawMode":0,"name":"Shaded","section":"Shading Mode"},"sceneLighting":true,"audioPlay":false,"sceneViewState":{"showFog":true,"showMaterialUpdate":false,"showSkybox":false,"showFlares":true,"showImageEffects":true,"showParticleSystems":true},"in2DMode":false,"pivot":{"x":-1.016265869140625,"y":-37.599998474121097,"z":0.3776359558105469},"rotation":{"x":0.0999230220913887,"y":-0.888625979423523,"z":0.2319364994764328,"w":0.3828393518924713},"size":18.186532974243165,"orthographic":false}