{"cameraMode":{"drawMode":0,"name":"Shaded","section":"Shading Mode"},"sceneLighting":true,"audioPlay":false,"sceneViewState":{"showFog":true,"showMaterialUpdate":false,"showSkybox":false,"showFlares":true,"showImageEffects":true,"showParticleSystems":true},"in2DMode":false,"pivot":{"x":10.703919410705567,"y":0.40059375762939455,"z":13.11823844909668},"rotation":{"x":0.0999230220913887,"y":-0.888625979423523,"z":0.2319364994764328,"w":0.3828393518924713},"size":2.104257345199585,"orthographic":false}