{"cameraMode":{"drawMode":0,"name":"Shaded","section":"Shading Mode"},"sceneLighting":true,"audioPlay":false,"sceneViewState":{"showFog":true,"showMaterialUpdate":false,"showSkybox":false,"showFlares":true,"showImageEffects":true,"showParticleSystems":true},"in2DMode":false,"pivot":{"x":-131.1297607421875,"y":4.528980255126953,"z":-517.608154296875},"rotation":{"x":0.09915995597839356,"y":-0.42321348190307619,"z":0.046659812331199649,"w":0.8993794322013855},"size":43.843505859375,"orthographic":false}