{"cameraMode":{"drawMode":0,"name":"Shaded","section":"Shading Mode"},"sceneLighting":false,"audioPlay":false,"sceneViewState":{"showFog":true,"showMaterialUpdate":false,"showSkybox":false,"showFlares":true,"showImageEffects":true,"showParticleSystems":true},"in2DMode":false,"pivot":{"x":-0.3603672981262207,"y":0.809999942779541,"z":0.1291387677192688},"rotation":{"x":0.24952492117881776,"y":-0.1417347639799118,"z":0.03694666922092438,"w":0.9572268128395081},"size":2.8922412395477297,"orthographic":false}