{"cameraMode":{"drawMode":0,"name":"Shaded","section":"Shading Mode"},"sceneLighting":true,"audioPlay":false,"sceneViewState":{"showFog":true,"showMaterialUpdate":false,"showSkybox":false,"showFlares":true,"showImageEffects":true,"showParticleSystems":true},"in2DMode":false,"pivot":{"x":-2.920353412628174,"y":2.9981555938720705,"z":1.1712064743041993},"rotation":{"x":0.008817345835268498,"y":-0.97856605052948,"z":0.20122933387756349,"w":0.04288019239902496},"size":5.10060453414917,"orthographic":false}