{"cameraMode":{"drawMode":0,"name":"Shaded","section":"Shading Mode"},"sceneLighting":true,"audioPlay":false,"sceneViewState":{"showFog":true,"showMaterialUpdate":false,"showSkybox":false,"showFlares":true,"showImageEffects":true,"showParticleSystems":true},"in2DMode":false,"pivot":{"x":137.68853759765626,"y":-14.41705322265625,"z":70.45751953125},"rotation":{"x":-0.269785076379776,"y":-0.5150356888771057,"z":0.17486321926116944,"w":-0.7945966720581055},"size":35.773372650146487,"orthographic":false}