{"cameraMode":{"drawMode":0,"name":"Shaded","section":"Shading Mode"},"sceneLighting":true,"audioPlay":false,"sceneViewState":{"showFog":true,"showMaterialUpdate":false,"showSkybox":false,"showFlares":true,"showImageEffects":true,"showParticleSystems":true},"in2DMode":false,"pivot":{"x":-41.55883026123047,"y":40.76966094970703,"z":-417.3520812988281},"rotation":{"x":0.12624013423919679,"y":0.6245828866958618,"z":-0.10323731601238251,"w":0.7637432813644409},"size":1.264265537261963,"orthographic":false}