{"cameraMode":{"drawMode":0,"name":"Shaded","section":"Shading Mode"},"sceneLighting":true,"audioPlay":false,"sceneViewState":{"showFog":true,"showMaterialUpdate":false,"showSkybox":false,"showFlares":true,"showImageEffects":true,"showParticleSystems":true},"in2DMode":false,"pivot":{"x":2.8858537673950197,"y":3.5915439128875734,"z":4.011504173278809},"rotation":{"x":0.4013877511024475,"y":0.21645823121070863,"z":-0.09822627902030945,"w":0.884526252746582},"size":24.016904830932618,"orthographic":false}