{"cameraMode":{"drawMode":0,"name":"Shaded","section":"Shading Mode"},"sceneLighting":true,"audioPlay":false,"sceneViewState":{"showFog":true,"showMaterialUpdate":false,"showSkybox":false,"showFlares":true,"showImageEffects":true,"showParticleSystems":true},"in2DMode":false,"pivot":{"x":-79.88446044921875,"y":11.892040252685547,"z":-174.2617645263672},"rotation":{"x":0.0008250948158092797,"y":-0.7205448746681213,"z":-0.0008577777189202607,"w":-0.6934089660644531},"size":6.3874382972717289,"orthographic":false}