{"cameraMode":{"drawMode":0,"name":"Shaded","section":"Shading Mode"},"sceneLighting":true,"audioPlay":false,"sceneViewState":{"showFog":true,"showMaterialUpdate":false,"showSkybox":false,"showFlares":true,"showImageEffects":true,"showParticleSystems":true},"in2DMode":false,"pivot":{"x":39.72412872314453,"y":6.027622222900391,"z":-12.900859832763672},"rotation":{"x":-0.08929761499166489,"y":-0.9103685021400452,"z":0.2984660565853119,"w":-0.27236706018447878},"size":28.842830657958986,"orthographic":false}