{"cameraMode":{"drawMode":0,"name":"Shaded","section":"Shading Mode"},"sceneLighting":true,"audioPlay":false,"sceneViewState":{"showFog":true,"showMaterialUpdate":false,"showSkybox":true,"showFlares":true,"showImageEffects":true,"showParticleSystems":true},"in2DMode":false,"pivot":{"x":415.89453125,"y":758.8541259765625,"z":421.69384765625},"rotation":{"x":-0.0029975897632539274,"y":0.04108031839132309,"z":-0.00012198401236673817,"w":-0.9991530179977417},"size":1721.7276611328125,"orthographic":false}