{"cameraMode":{"drawMode":0,"name":"Shaded","section":"Shading Mode"},"sceneLighting":true,"audioPlay":false,"sceneViewState":{"showFog":true,"showMaterialUpdate":false,"showSkybox":false,"showFlares":true,"showImageEffects":true,"showParticleSystems":true},"in2DMode":false,"pivot":{"x":2.4276695251464845,"y":21.185688018798829,"z":-5.72524356842041},"rotation":{"x":0.22671110928058625,"y":-0.09479044377803803,"z":0.02217531017959118,"w":0.9690873622894287},"size":36.45023727416992,"orthographic":false}