{"cameraMode":{"drawMode":0,"name":"Shaded","section":"Shading Mode"},"sceneLighting":true,"audioPlay":false,"sceneViewState":{"showFog":true,"showMaterialUpdate":false,"showSkybox":false,"showFlares":true,"showImageEffects":true,"showParticleSystems":true},"in2DMode":false,"pivot":{"x":-766.6318969726563,"y":98.99439239501953,"z":-383.2513427734375},"rotation":{"x":0.6099844574928284,"y":-0.3044593632221222,"z":0.2737368643283844,"w":0.6784510612487793},"size":28.769046783447267,"orthographic":false}