{"cameraMode":{"drawMode":0,"name":"Shaded","section":"Shading Mode"},"sceneLighting":false,"audioPlay":false,"sceneViewState":{"showFog":true,"showMaterialUpdate":false,"showSkybox":false,"showFlares":true,"showImageEffects":true,"showParticleSystems":true},"in2DMode":false,"pivot":{"x":-805.3079223632813,"y":35.33253479003906,"z":-476.9877014160156},"rotation":{"x":0.019722824916243554,"y":-0.09285220503807068,"z":0.0018395016668364406,"w":0.995484471321106},"size":13.361590385437012,"orthographic":false}