{"cameraMode":{"drawMode":0,"name":"Shaded","section":"Shading Mode"},"sceneLighting":false,"audioPlay":false,"sceneViewState":{"showFog":true,"showMaterialUpdate":false,"showSkybox":false,"showFlares":true,"showImageEffects":true,"showParticleSystems":true},"in2DMode":false,"pivot":{"x":0.04725933074951172,"y":2.963444709777832,"z":1.158876657485962},"rotation":{"x":0.0785389319062233,"y":0.8745597004890442,"z":-0.15130428969860078,"w":0.4539724886417389},"size":11.05771541595459,"orthographic":false}