{"cameraMode":{"drawMode":0,"name":"Shaded","section":"Shading Mode"},"sceneLighting":false,"audioPlay":false,"sceneViewState":{"showFog":true,"showMaterialUpdate":false,"showSkybox":false,"showFlares":true,"showImageEffects":true,"showParticleSystems":true},"in2DMode":false,"pivot":{"x":4.34338903427124,"y":0.377291202545166,"z":-0.08031415939331055},"rotation":{"x":-0.23261778056621552,"y":-0.5668441653251648,"z":0.1708948314189911,"w":-0.7716120481491089},"size":7.100282192230225,"orthographic":false}