{"cameraMode":{"drawMode":0,"name":"Shaded","section":"Shading Mode"},"sceneLighting":false,"audioPlay":false,"sceneViewState":{"showFog":true,"showMaterialUpdate":false,"showSkybox":false,"showFlares":true,"showImageEffects":true,"showParticleSystems":true},"in2DMode":false,"pivot":{"x":3.1716723442077638,"y":-1.3378322124481202,"z":3.499575138092041},"rotation":{"x":-0.08283377438783646,"y":-0.9064692258834839,"z":0.21063034236431123,"w":-0.35650551319122317},"size":3.7878293991088869,"orthographic":false}