{"cameraMode":{"drawMode":0,"name":"Shaded","section":"Shading Mode"},"sceneLighting":false,"audioPlay":false,"sceneViewState":{"showFog":true,"showMaterialUpdate":false,"showSkybox":false,"showFlares":true,"showImageEffects":true,"showParticleSystems":true},"in2DMode":false,"pivot":{"x":-1.916008710861206,"y":-0.3050532341003418,"z":-2.029564380645752},"rotation":{"x":0.030781149864196779,"y":0.9132974147796631,"z":-0.40000221133232119,"w":0.07028047740459442},"size":3.4954957962036135,"orthographic":false}