{"cameraMode":{"drawMode":0,"name":"Shaded","section":"Shading Mode"},"sceneLighting":false,"audioPlay":false,"sceneViewState":{"showFog":true,"showMaterialUpdate":false,"showSkybox":false,"showFlares":true,"showImageEffects":true,"showParticleSystems":true},"in2DMode":false,"pivot":{"x":-0.3454331159591675,"y":4.992938041687012,"z":4.379053115844727},"rotation":{"x":-0.0008351067663170397,"y":0.9942479729652405,"z":-0.007764783222228289,"w":-0.10686210542917252},"size":3.9541120529174806,"orthographic":false}