{"cameraMode":{"drawMode":0,"name":"Shaded","section":"Shading Mode"},"sceneLighting":false,"audioPlay":false,"sceneViewState":{"showFog":true,"showMaterialUpdate":false,"showSkybox":false,"showFlares":true,"showImageEffects":true,"showParticleSystems":true},"in2DMode":false,"pivot":{"x":0.30119362473487856,"y":6.339835166931152,"z":0.4246244430541992},"rotation":{"x":-0.0019650377798825504,"y":-0.9939851760864258,"z":0.10808136314153671,"w":-0.01830562949180603},"size":7.634685516357422,"orthographic":false}