{"cameraMode":{"drawMode":0,"name":"Shaded","section":"Shading Mode"},"sceneLighting":false,"audioPlay":false,"sceneViewState":{"showFog":true,"showMaterialUpdate":false,"showSkybox":false,"showFlares":true,"showImageEffects":true,"showParticleSystems":true},"in2DMode":false,"pivot":{"x":-4.0,"y":1.0804888010025025,"z":-5.998392105102539},"rotation":{"x":0.2913997769355774,"y":-0.05023178458213806,"z":0.015319056808948517,"w":0.9551640152931213},"size":3.0804836750030519,"orthographic":false}