{"cameraMode":{"drawMode":0,"name":"Shaded","section":"Shading Mode"},"sceneLighting":true,"audioPlay":false,"sceneViewState":{"showFog":true,"showMaterialUpdate":false,"showSkybox":false,"showFlares":true,"showImageEffects":true,"showParticleSystems":true},"in2DMode":false,"pivot":{"x":0.6552597880363464,"y":2.9293174743652345,"z":-3.4982070922851564},"rotation":{"x":0.0015313030453398824,"y":0.9975368976593018,"z":-0.06624315679073334,"w":0.02306370623409748},"size":6.597400188446045,"orthographic":false}