{"cameraMode":{"drawMode":0,"name":"Shaded","section":"Shading Mode"},"sceneLighting":true,"audioPlay":false,"sceneViewState":{"showFog":true,"showMaterialUpdate":false,"showSkybox":false,"showFlares":true,"showImageEffects":true,"showParticleSystems":true},"in2DMode":false,"pivot":{"x":88.0348129272461,"y":10.456649780273438,"z":2.3119144439697267},"rotation":{"x":0.0003522632468957454,"y":-0.9989119172096252,"z":0.046492792665958408,"w":0.007092438172549009},"size":6.1642045974731449,"orthographic":false}