{"cameraMode":{"drawMode":0,"name":"Shaded","section":"Shading Mode"},"sceneLighting":true,"audioPlay":false,"sceneViewState":{"showFog":true,"showMaterialUpdate":false,"showSkybox":false,"showFlares":true,"showImageEffects":true,"showParticleSystems":true},"in2DMode":false,"pivot":{"x":-9.84235954284668,"y":53.34612274169922,"z":-27.02589988708496},"rotation":{"x":-0.08050082623958588,"y":-0.9123550653457642,"z":0.3371925354003906,"w":-0.21786972880363465},"size":29.632030487060548,"orthographic":false}