{"cameraMode":{"drawMode":0,"name":"Shaded","section":"Shading Mode"},"sceneLighting":false,"audioPlay":false,"sceneViewState":{"showFog":true,"showMaterialUpdate":false,"showSkybox":false,"showFlares":true,"showImageEffects":true,"showParticleSystems":true},"in2DMode":false,"pivot":{"x":-0.1363539844751358,"y":0.08684243261814118,"z":-0.11579316854476929},"rotation":{"x":0.051900532096624377,"y":0.9471795558929443,"z":-0.2441863715648651,"w":0.20132175087928773},"size":0.2319841980934143,"orthographic":false}