{"cameraMode":{"drawMode":0,"name":"Shaded","section":"Shading Mode"},"sceneLighting":false,"audioPlay":false,"sceneViewState":{"showFog":true,"showMaterialUpdate":false,"showSkybox":false,"showFlares":true,"showImageEffects":true,"showParticleSystems":true},"in2DMode":false,"pivot":{"x":-1.1700618267059327,"y":3.670814275741577,"z":-0.28636127710342409},"rotation":{"x":0.1365942656993866,"y":-0.7009652853012085,"z":0.1395421177148819,"w":0.686111569404602},"size":6.27559232711792,"orthographic":false}