{"cameraMode":{"drawMode":0,"name":"Shaded","section":"Shading Mode"},"sceneLighting":true,"audioPlay":false,"sceneViewState":{"showFog":true,"showMaterialUpdate":false,"showSkybox":false,"showFlares":true,"showImageEffects":true,"showParticleSystems":true},"in2DMode":false,"pivot":{"x":-17.061464309692384,"y":37.4931526184082,"z":40.275474548339847},"rotation":{"x":-0.2741617262363434,"y":-0.5850692391395569,"z":0.2194288969039917,"w":-0.7310122847557068},"size":13.754050254821778,"orthographic":false}