{"cameraMode":{"drawMode":0,"name":"Shaded","section":"Shading Mode"},"sceneLighting":true,"audioPlay":false,"sceneViewState":{"showFog":true,"showMaterialUpdate":false,"showSkybox":false,"showFlares":true,"showImageEffects":true,"showParticleSystems":true},"in2DMode":false,"pivot":{"x":128.32875061035157,"y":1.2821931838989258,"z":4.515623092651367},"rotation":{"x":0.2632826566696167,"y":-0.616139829158783,"z":0.22981451451778413,"w":0.7058592438697815},"size":6.8529157638549809,"orthographic":false}