{"cameraMode":{"drawMode":0,"name":"Shaded","section":"Shading Mode"},"sceneLighting":true,"audioPlay":false,"sceneViewState":{"showFog":true,"showMaterialUpdate":false,"showSkybox":false,"showFlares":true,"showImageEffects":true,"showParticleSystems":true},"in2DMode":false,"pivot":{"x":0.04725933074951172,"y":2.963444709777832,"z":1.158876657485962},"rotation":{"x":-0.20152874290943147,"y":0.531810998916626,"z":-0.1320098340511322,"w":-0.8118714094161987},"size":7.604317665100098,"orthographic":false}