{"cameraMode":{"drawMode":0,"name":"Shaded","section":"Shading Mode"},"sceneLighting":true,"audioPlay":false,"sceneViewState":{"showFog":true,"showMaterialUpdate":false,"showSkybox":false,"showFlares":true,"showImageEffects":true,"showParticleSystems":true},"in2DMode":false,"pivot":{"x":-1.0846333503723145,"y":8.272074699401856,"z":3.5765933990478517},"rotation":{"x":-0.1029958501458168,"y":-0.8969913721084595,"z":0.3018580973148346,"w":-0.30607178807258608},"size":6.143606185913086,"orthographic":false}