{"cameraMode":{"drawMode":0,"name":"Shaded","section":"Shading Mode"},"sceneLighting":true,"audioPlay":false,"sceneViewState":{"showFog":true,"showMaterialUpdate":false,"showSkybox":false,"showFlares":true,"showImageEffects":true,"showParticleSystems":true},"in2DMode":false,"pivot":{"x":-66.71390533447266,"y":29.225109100341798,"z":-377.22686767578127},"rotation":{"x":0.04950568825006485,"y":-0.3595770299434662,"z":0.01935553550720215,"w":0.9317309856414795},"size":13.000032424926758,"orthographic":false}