{"cameraMode":{"drawMode":0,"name":"Shaded","section":"Shading Mode"},"sceneLighting":true,"audioPlay":false,"sceneViewState":{"showFog":true,"showMaterialUpdate":false,"showSkybox":false,"showFlares":true,"showImageEffects":true,"showParticleSystems":true},"in2DMode":false,"pivot":{"x":61.426475524902347,"y":2.9589500427246095,"z":16.746410369873048},"rotation":{"x":-0.2741617262363434,"y":-0.5850692391395569,"z":0.2194288969039917,"w":-0.7310122847557068},"size":5.54887580871582,"orthographic":false}