{"cameraMode":{"drawMode":0,"name":"Shaded","section":"Shading Mode"},"sceneLighting":true,"audioPlay":false,"sceneViewState":{"showFog":true,"showMaterialUpdate":false,"showSkybox":true,"showFlares":true,"showImageEffects":true,"showParticleSystems":true},"in2DMode":false,"pivot":{"x":-0.28753662109375,"y":616.0457153320313,"z":83.323486328125},"rotation":{"x":-0.021297745406627656,"y":0.032083746045827869,"z":-0.0006812662468291819,"w":-0.9992671608924866},"size":1578.4212646484375,"orthographic":false}