{"cameraMode":{"drawMode":0,"name":"Shaded","section":"Shading Mode"},"sceneLighting":false,"audioPlay":false,"sceneViewState":{"showFog":true,"showMaterialUpdate":false,"showSkybox":false,"showFlares":true,"showImageEffects":true,"showParticleSystems":true},"in2DMode":false,"pivot":{"x":-1.405110239982605,"y":3.5261242389678957,"z":4.6329827308654789},"rotation":{"x":-0.0008351067663170397,"y":0.9942479729652405,"z":-0.007764783222228289,"w":-0.10686210542917252},"size":0.6541124582290649,"orthographic":false}