{"cameraMode":{"drawMode":0,"name":"Shaded","section":"Shading Mode"},"sceneLighting":true,"audioPlay":false,"sceneViewState":{"showFog":true,"showMaterialUpdate":false,"showSkybox":false,"showFlares":true,"showImageEffects":true,"showParticleSystems":true},"in2DMode":false,"pivot":{"x":57.22337341308594,"y":5.241413593292236,"z":-5.565176486968994},"rotation":{"x":0.011483859270811081,"y":0.7788574695587158,"z":-0.014261336997151375,"w":0.626937747001648},"size":11.051292419433594,"orthographic":false}