{"cameraMode":{"drawMode":0,"name":"Shaded","section":"Shading Mode"},"sceneLighting":true,"audioPlay":false,"sceneViewState":{"showFog":true,"showMaterialUpdate":false,"showSkybox":false,"showFlares":true,"showImageEffects":true,"showParticleSystems":true},"in2DMode":false,"pivot":{"x":122.66557312011719,"y":-14.712043762207032,"z":44.329254150390628},"rotation":{"x":-0.05040115490555763,"y":-0.938854455947876,"z":0.3028169870376587,"w":-0.15614451467990876},"size":36.745487213134769,"orthographic":false}