{"cameraMode":{"drawMode":0,"name":"Shaded","section":"Shading Mode"},"sceneLighting":false,"audioPlay":false,"sceneViewState":{"showFog":true,"showMaterialUpdate":false,"showSkybox":false,"showFlares":true,"showImageEffects":true,"showParticleSystems":true},"in2DMode":false,"pivot":{"x":529.2615356445313,"y":495.6664733886719,"z":-762.536376953125},"rotation":{"x":0.010186010971665383,"y":-0.027897920459508897,"z":-0.0002837296633515507,"w":-0.9995647668838501},"size":194.39088439941407,"orthographic":false}