{"cameraMode":{"drawMode":0,"name":"Shaded","section":"Shading Mode"},"sceneLighting":false,"audioPlay":false,"sceneViewState":{"showFog":true,"showMaterialUpdate":false,"showSkybox":false,"showFlares":true,"showImageEffects":true,"showParticleSystems":true},"in2DMode":false,"pivot":{"x":0.0,"y":0.3099999725818634,"z":0.10130417346954346},"rotation":{"x":0.001026845769956708,"y":-0.9984356760978699,"z":0.05277537927031517,"w":0.01905977725982666},"size":1.7924482822418213,"orthographic":false}