{"cameraMode":{"drawMode":0,"name":"Shaded","section":"Shading Mode"},"sceneLighting":true,"audioPlay":false,"sceneViewState":{"showFog":true,"showMaterialUpdate":false,"showSkybox":false,"showFlares":true,"showImageEffects":true,"showParticleSystems":true},"in2DMode":false,"pivot":{"x":-1.4035511016845704,"y":20.747804641723634,"z":-13.47464656829834},"rotation":{"x":0.011483859270811081,"y":0.7788574695587158,"z":-0.014261336997151375,"w":0.626937747001648},"size":2.295677423477173,"orthographic":false}