{"cameraMode":{"drawMode":0,"name":"Shaded","section":"Shading Mode"},"sceneLighting":false,"audioPlay":false,"sceneViewState":{"showFog":true,"showMaterialUpdate":false,"showSkybox":false,"showFlares":true,"showImageEffects":true,"showParticleSystems":true},"in2DMode":false,"pivot":{"x":-0.8285325765609741,"y":1.8588619232177735,"z":0.06717973947525025},"rotation":{"x":0.16215458512306214,"y":-0.669533908367157,"z":0.15375253558158875,"w":0.7087198495864868},"size":2.04719614982605,"orthographic":false}