{"cameraMode":{"drawMode":0,"name":"Shaded","section":"Shading Mode"},"sceneLighting":true,"audioPlay":false,"sceneViewState":{"showFog":true,"showMaterialUpdate":false,"showSkybox":false,"showFlares":true,"showImageEffects":true,"showParticleSystems":true},"in2DMode":false,"pivot":{"x":-1.8259954452514649,"y":14.16277027130127,"z":-0.7629261016845703},"rotation":{"x":0.2946989834308624,"y":-0.5385435223579407,"z":0.20845738053321839,"w":0.7613628506660461},"size":9.340576171875,"orthographic":false}