{"cameraMode":{"drawMode":0,"name":"Shaded","section":"Shading Mode"},"sceneLighting":true,"audioPlay":false,"sceneViewState":{"showFog":true,"showMaterialUpdate":false,"showSkybox":false,"showFlares":true,"showImageEffects":true,"showParticleSystems":true},"in2DMode":false,"pivot":{"x":5.52791166305542,"y":19.440685272216798,"z":-16.23798179626465},"rotation":{"x":0.00787025410681963,"y":-0.9868435263633728,"z":0.05068130046129227,"w":0.15334682166576386},"size":16.3924560546875,"orthographic":false}