{"cameraMode":{"drawMode":0,"name":"Shaded","section":"Shading Mode"},"sceneLighting":true,"audioPlay":false,"sceneViewState":{"showFog":true,"showMaterialUpdate":false,"showSkybox":false,"showFlares":true,"showImageEffects":true,"showParticleSystems":true},"in2DMode":false,"pivot":{"x":86.12727355957031,"y":98.37403106689453,"z":-145.0770721435547},"rotation":{"x":-0.006669325288385153,"y":0.9621500372886658,"z":-0.023687148466706277,"w":-0.27147746086120608},"size":1.227189064025879,"orthographic":false}