{"cameraMode":{"drawMode":0,"name":"Shaded","section":"Shading Mode"},"sceneLighting":false,"audioPlay":false,"sceneViewState":{"showFog":true,"showMaterialUpdate":false,"showSkybox":false,"showFlares":true,"showImageEffects":true,"showParticleSystems":true},"in2DMode":false,"pivot":{"x":-110.993408203125,"y":20.953821182250978,"z":-172.6295928955078},"rotation":{"x":-0.02834055759012699,"y":0.6804025769233704,"z":-0.02503739297389984,"w":-0.73215651512146},"size":14.514206886291504,"orthographic":false}