{"cameraMode":{"drawMode":0,"name":"Shaded","section":"Shading Mode"},"sceneLighting":true,"audioPlay":false,"sceneViewState":{"showFog":true,"showMaterialUpdate":false,"showSkybox":true,"showFlares":true,"showImageEffects":true,"showParticleSystems":true},"in2DMode":false,"pivot":{"x":-7.188232421875,"y":-19.498207092285158,"z":190.4232177734375},"rotation":{"x":-0.20152874290943147,"y":0.531810998916626,"z":-0.1320098340511322,"w":-0.8118714094161987},"size":112.56304931640625,"orthographic":false}