{"cameraMode":{"drawMode":0,"name":"Shaded","section":"Shading Mode"},"sceneLighting":true,"audioPlay":false,"sceneViewState":{"showFog":true,"showMaterialUpdate":false,"showSkybox":false,"showFlares":true,"showImageEffects":true,"showParticleSystems":true},"in2DMode":false,"pivot":{"x":55.07917022705078,"y":1.9799585342407227,"z":18.157949447631837},"rotation":{"x":-0.027986546978354455,"y":0.8467100262641907,"z":-0.04475550353527069,"w":-0.5294410586357117},"size":1.3430993556976319,"orthographic":false}