{"cameraMode":{"drawMode":0,"name":"Shaded","section":"Shading Mode"},"sceneLighting":false,"audioPlay":false,"sceneViewState":{"showFog":true,"showMaterialUpdate":false,"showSkybox":false,"showFlares":true,"showImageEffects":true,"showParticleSystems":true},"in2DMode":false,"pivot":{"x":-26.004802703857423,"y":10.923111915588379,"z":43.28846740722656},"rotation":{"x":0.4124593436717987,"y":0.33947691321372988,"z":-0.16905206441879273,"w":0.8283113241195679},"size":4.225790977478027,"orthographic":false}