{"cameraMode":{"drawMode":0,"name":"Shaded","section":"Shading Mode"},"sceneLighting":true,"audioPlay":false,"sceneViewState":{"showFog":true,"showMaterialUpdate":false,"showSkybox":true,"showFlares":true,"showImageEffects":true,"showParticleSystems":true},"in2DMode":false,"pivot":{"x":13.381591796875,"y":-167.36990356445313,"z":86.17161560058594},"rotation":{"x":-0.2239130139350891,"y":0.6997513175010681,"z":-0.24816487729549409,"w":-0.6313653588294983},"size":393.0862121582031,"orthographic":false}