{"cameraMode":{"drawMode":0,"name":"Shaded","section":"Shading Mode"},"sceneLighting":false,"audioPlay":false,"sceneViewState":{"showFog":true,"showMaterialUpdate":false,"showSkybox":false,"showFlares":true,"showImageEffects":true,"showParticleSystems":true},"in2DMode":false,"pivot":{"x":0.3503434658050537,"y":0.061751604080200198,"z":3.8319473266601564},"rotation":{"x":-0.0019650377798825504,"y":-0.9939851760864258,"z":0.10808136314153671,"w":-0.01830562949180603},"size":6.063500881195068,"orthographic":false}