{"cameraMode":{"drawMode":0,"name":"Shaded","section":"Shading Mode"},"sceneLighting":true,"audioPlay":false,"sceneViewState":{"showFog":true,"showMaterialUpdate":false,"showSkybox":false,"showFlares":true,"showImageEffects":true,"showParticleSystems":true},"in2DMode":false,"pivot":{"x":108.68907928466797,"y":9.35624885559082,"z":-2.2093570232391359},"rotation":{"x":-0.026643522083759309,"y":0.9687497019767761,"z":-0.21562457084655763,"w":-0.11970072239637375},"size":5.669581890106201,"orthographic":false}