{"cameraMode":{"drawMode":0,"name":"Shaded","section":"Shading Mode"},"sceneLighting":true,"audioPlay":false,"sceneViewState":{"showFog":true,"showMaterialUpdate":false,"showSkybox":false,"showFlares":true,"showImageEffects":true,"showParticleSystems":true},"in2DMode":false,"pivot":{"x":126.90380859375,"y":5.819313049316406,"z":5.7597455978393559},"rotation":{"x":-0.2741617262363434,"y":-0.5850692391395569,"z":0.2194288969039917,"w":-0.7310122847557068},"size":1.1353402137756348,"orthographic":false}