{"cameraMode":{"drawMode":0,"name":"Shaded","section":"Shading Mode"},"sceneLighting":true,"audioPlay":false,"sceneViewState":{"showFog":true,"showMaterialUpdate":false,"showSkybox":false,"showFlares":true,"showImageEffects":true,"showParticleSystems":true},"in2DMode":false,"pivot":{"x":61.219871520996097,"y":-3.6469335556030275,"z":9.964767456054688},"rotation":{"x":-0.30315130949020388,"y":-0.6968458890914917,"z":0.46035662293434145,"w":-0.4588852524757385},"size":5.400153160095215,"orthographic":false}