{"cameraMode":{"drawMode":0,"name":"Shaded","section":"Shading Mode"},"sceneLighting":true,"audioPlay":false,"sceneViewState":{"showFog":true,"showMaterialUpdate":false,"showSkybox":false,"showFlares":true,"showImageEffects":true,"showParticleSystems":true},"in2DMode":false,"pivot":{"x":-106.30107879638672,"y":15.466840744018555,"z":-351.3298034667969},"rotation":{"x":-0.321838915348053,"y":-0.04083896428346634,"z":0.013868809677660466,"w":-0.9458537697792053},"size":10.704057693481446,"orthographic":false}