{"cameraMode":{"drawMode":0,"name":"Shaded","section":"Shading Mode"},"sceneLighting":true,"audioPlay":false,"sceneViewState":{"showFog":true,"showMaterialUpdate":false,"showSkybox":false,"showFlares":true,"showImageEffects":true,"showParticleSystems":true},"in2DMode":false,"pivot":{"x":106.8750991821289,"y":7.789949417114258,"z":51.48431396484375},"rotation":{"x":-0.1616887003183365,"y":-0.0502190887928009,"z":0.008220369927585125,"w":-0.9855434894561768},"size":0.19287234544754029,"orthographic":false}