{"cameraMode":{"drawMode":0,"name":"Shaded","section":"Shading Mode"},"sceneLighting":true,"audioPlay":false,"sceneViewState":{"showFog":true,"showMaterialUpdate":false,"showSkybox":true,"showFlares":true,"showImageEffects":true,"showParticleSystems":true},"in2DMode":false,"pivot":{"x":-21.852176666259767,"y":6.624166488647461,"z":-69.4275131225586},"rotation":{"x":0.20804505050182343,"y":0.45057445764541628,"z":-0.10885294526815415,"w":0.8613284826278687},"size":9.48031997680664,"orthographic":false}