{"cameraMode":{"drawMode":0,"name":"Shaded","section":"Shading Mode"},"sceneLighting":true,"audioPlay":false,"sceneViewState":{"showFog":true,"showMaterialUpdate":false,"showSkybox":true,"showFlares":true,"showImageEffects":true,"showParticleSystems":true},"in2DMode":false,"pivot":{"x":-135.62103271484376,"y":3.198000907897949,"z":-7.009594917297363},"rotation":{"x":0.11874246597290039,"y":-0.7307697534561157,"z":0.13162395358085633,"w":0.6592367887496948},"size":23.204763412475587,"orthographic":false}