{"cameraMode":{"drawMode":0,"name":"Shaded","section":"Shading Mode"},"sceneLighting":false,"audioPlay":false,"sceneViewState":{"showFog":true,"showMaterialUpdate":false,"showSkybox":false,"showFlares":true,"showImageEffects":true,"showParticleSystems":true},"in2DMode":false,"pivot":{"x":4.76837158203125e-7,"y":2.024183988571167,"z":-3.8774235248565676},"rotation":{"x":-0.08362821489572525,"y":0.11690980941057205,"z":-0.009879883378744126,"w":-0.9895666241645813},"size":3.0115420818328859,"orthographic":false}