{"cameraMode":{"drawMode":0,"name":"Shaded","section":"Shading Mode"},"sceneLighting":true,"audioPlay":false,"sceneViewState":{"showFog":true,"showMaterialUpdate":false,"showSkybox":false,"showFlares":true,"showImageEffects":true,"showParticleSystems":true},"in2DMode":false,"pivot":{"x":-53.491554260253909,"y":9.392416954040528,"z":-23.627483367919923},"rotation":{"x":-0.36749571561813357,"y":0.14613193273544312,"z":-0.058589041233062747,"w":-0.9166032075881958},"size":65.07440948486328,"orthographic":false}