{"cameraMode":{"drawMode":0,"name":"Shaded","section":"Shading Mode"},"sceneLighting":false,"audioPlay":false,"sceneViewState":{"showFog":true,"showMaterialUpdate":false,"showSkybox":false,"showFlares":true,"showImageEffects":true,"showParticleSystems":true},"in2DMode":false,"pivot":{"x":57.194000244140628,"y":0.09146738052368164,"z":-0.7350001335144043},"rotation":{"x":-0.2460581213235855,"y":0.07174083590507508,"z":-0.01826557330787182,"w":-0.9664246439933777},"size":9.143339157104493,"orthographic":false}