{"cameraMode":{"drawMode":0,"name":"Shaded","section":"Shading Mode"},"sceneLighting":true,"audioPlay":false,"sceneViewState":{"showFog":true,"showMaterialUpdate":false,"showSkybox":false,"showFlares":true,"showImageEffects":true,"showParticleSystems":true},"in2DMode":false,"pivot":{"x":3.588977813720703,"y":-1.4511513710021973,"z":-4.0357747077941898},"rotation":{"x":-0.150969997048378,"y":-0.8417700529098511,"z":0.30137816071510317,"w":-0.42167022824287417},"size":11.598958015441895,"orthographic":false}