{"cameraMode":{"drawMode":0,"name":"Shaded","section":"Shading Mode"},"sceneLighting":true,"audioPlay":false,"sceneViewState":{"showFog":true,"showMaterialUpdate":false,"showSkybox":true,"showFlares":true,"showImageEffects":true,"showParticleSystems":true},"in2DMode":false,"pivot":{"x":216.00677490234376,"y":271.23162841796877,"z":465.1005859375},"rotation":{"x":-0.17484445869922639,"y":-0.025992773473262788,"z":0.00461749779060483,"w":-0.9842424988746643},"size":669.6063232421875,"orthographic":false}