{"cameraMode":{"drawMode":0,"name":"Shaded","section":"Shading Mode"},"sceneLighting":false,"audioPlay":false,"sceneViewState":{"showFog":true,"showMaterialUpdate":false,"showSkybox":false,"showFlares":true,"showImageEffects":true,"showParticleSystems":true},"in2DMode":false,"pivot":{"x":11.919595718383789,"y":-0.4817390441894531,"z":12.992524147033692},"rotation":{"x":0.6722149848937988,"y":-0.03659864142537117,"z":0.03330639377236366,"w":0.7387024164199829},"size":1.539196252822876,"orthographic":false}