{"cameraMode":{"drawMode":0,"name":"Shaded","section":"Shading Mode"},"sceneLighting":true,"audioPlay":false,"sceneViewState":{"showFog":true,"showMaterialUpdate":false,"showSkybox":false,"showFlares":true,"showImageEffects":true,"showParticleSystems":true},"in2DMode":false,"pivot":{"x":0.12466573715209961,"y":10.087501525878907,"z":2.6166324615478517},"rotation":{"x":0.15792004764080048,"y":0.8269277811050415,"z":-0.28491654992103579,"w":0.4583422541618347},"size":12.124356269836426,"orthographic":false}