{"cameraMode":{"drawMode":0,"name":"Shaded","section":"Shading Mode"},"sceneLighting":true,"audioPlay":false,"sceneViewState":{"showFog":true,"showMaterialUpdate":false,"showSkybox":false,"showFlares":true,"showImageEffects":true,"showParticleSystems":true},"in2DMode":false,"pivot":{"x":-11.675456047058106,"y":-2.2252306938171388,"z":5.296350955963135},"rotation":{"x":-0.05920438468456268,"y":0.6959667205810547,"z":-0.057763807475566867,"w":-0.713300347328186},"size":10.471309661865235,"orthographic":false}