{"cameraMode":{"drawMode":0,"name":"Shaded","section":"Shading Mode"},"sceneLighting":true,"audioPlay":false,"sceneViewState":{"showFog":true,"showMaterialUpdate":false,"showSkybox":true,"showFlares":true,"showImageEffects":true,"showParticleSystems":true},"in2DMode":false,"pivot":{"x":-7.733564376831055,"y":-26.211490631103517,"z":-129.89263916015626},"rotation":{"x":0.08498844504356384,"y":0.8871309161186218,"z":-0.41581347584724429,"w":0.18132399022579194},"size":38.58578872680664,"orthographic":false}