{"cameraMode":{"drawMode":0,"name":"Shaded","section":"Shading Mode"},"sceneLighting":false,"audioPlay":false,"sceneViewState":{"showFog":true,"showMaterialUpdate":false,"showSkybox":false,"showFlares":true,"showImageEffects":true,"showParticleSystems":true},"in2DMode":false,"pivot":{"x":-1.5426435470581055,"y":-37.85508346557617,"z":1.8832658529281617},"rotation":{"x":0.36203262209892275,"y":-0.5950661301612854,"z":0.34135156869888308,"w":0.6311172842979431},"size":2.7391955852508547,"orthographic":false}