{"cameraMode":{"drawMode":0,"name":"Shaded","section":"Shading Mode"},"sceneLighting":false,"audioPlay":false,"sceneViewState":{"showFog":true,"showMaterialUpdate":false,"showSkybox":false,"showFlares":true,"showImageEffects":true,"showParticleSystems":true},"in2DMode":false,"pivot":{"x":-866.9642944335938,"y":-1105.613525390625,"z":-776.4366455078125},"rotation":{"x":-0.09741932898759842,"y":-0.867699921131134,"z":0.18794842064380647,"w":-0.44976064562797549},"size":2.830577850341797,"orthographic":false}