{"cameraMode":{"drawMode":0,"name":"Shaded","section":"Shading Mode"},"sceneLighting":false,"audioPlay":false,"sceneViewState":{"showFog":true,"showMaterialUpdate":false,"showSkybox":false,"showFlares":true,"showImageEffects":true,"showParticleSystems":true},"in2DMode":false,"pivot":{"x":1.0396842956542969,"y":2.7545394897460939,"z":-0.4905397891998291},"rotation":{"x":-0.01220314484089613,"y":-0.13101503252983094,"z":0.0016127462731674314,"w":-0.991304337978363},"size":4.810961723327637,"orthographic":false}