{"cameraMode":{"drawMode":0,"name":"Shaded","section":"Shading Mode"},"sceneLighting":false,"audioPlay":false,"sceneViewState":{"showFog":true,"showMaterialUpdate":false,"showSkybox":false,"showFlares":true,"showImageEffects":true,"showParticleSystems":true},"in2DMode":false,"pivot":{"x":0.052255094051361087,"y":0.28442659974098208,"z":0.049673497676849368},"rotation":{"x":0.026975197717547418,"y":0.9682461619377136,"z":-0.12000272423028946,"w":0.2176540195941925},"size":1.220693588256836,"orthographic":false}