{"cameraMode":{"drawMode":0,"name":"Shaded","section":"Shading Mode"},"sceneLighting":true,"audioPlay":false,"sceneViewState":{"showFog":true,"showMaterialUpdate":false,"showSkybox":false,"showFlares":true,"showImageEffects":true,"showParticleSystems":true},"in2DMode":false,"pivot":{"x":20.84091567993164,"y":-36.04032897949219,"z":72.52279663085938},"rotation":{"x":0.0025807602796703579,"y":0.9971662163734436,"z":-0.040716495364904407,"w":0.06320621818304062},"size":76.61347198486328,"orthographic":false}