{"cameraMode":{"drawMode":0,"name":"Shaded","section":"Shading Mode"},"sceneLighting":true,"audioPlay":false,"sceneViewState":{"showFog":true,"showMaterialUpdate":false,"showSkybox":false,"showFlares":true,"showImageEffects":true,"showParticleSystems":true},"in2DMode":false,"pivot":{"x":-58.2628173828125,"y":-0.11729812622070313,"z":-3.6605300903320314},"rotation":{"x":-0.04342291131615639,"y":0.8619223833084106,"z":-0.4995989501476288,"w":-0.07491514086723328},"size":22.86124038696289,"orthographic":false}