{"cameraMode":{"drawMode":0,"name":"Shaded","section":"Shading Mode"},"sceneLighting":false,"audioPlay":false,"sceneViewState":{"showFog":true,"showMaterialUpdate":false,"showSkybox":false,"showFlares":true,"showImageEffects":true,"showParticleSystems":true},"in2DMode":false,"pivot":{"x":-0.30228233337402346,"y":2.216735363006592,"z":-0.2149505615234375},"rotation":{"x":0.007434380706399679,"y":-0.9518114328384399,"z":0.02314230240881443,"w":0.3057217597961426},"size":5.205018997192383,"orthographic":false}