{"cameraMode":{"drawMode":0,"name":"Shaded","section":"Shading Mode"},"sceneLighting":true,"audioPlay":false,"sceneViewState":{"showFog":true,"showMaterialUpdate":false,"showSkybox":false,"showFlares":true,"showImageEffects":true,"showParticleSystems":true},"in2DMode":false,"pivot":{"x":0.9707586765289307,"y":1.432664155960083,"z":-2.7739691734313967},"rotation":{"x":0.026975197717547418,"y":0.9682461619377136,"z":-0.12000272423028946,"w":0.2176540195941925},"size":5.078474521636963,"orthographic":false}