{"cameraMode":{"drawMode":0,"name":"Shaded","section":"Shading Mode"},"sceneLighting":true,"audioPlay":false,"sceneViewState":{"showFog":true,"showMaterialUpdate":false,"showSkybox":true,"showFlares":true,"showImageEffects":true,"showParticleSystems":true},"in2DMode":false,"pivot":{"x":8.642433166503907,"y":-21.27556610107422,"z":-128.18128967285157},"rotation":{"x":0.15792004764080048,"y":0.8269277811050415,"z":-0.28491654992103579,"w":0.4583422541618347},"size":32.157318115234378,"orthographic":false}