{"cameraMode":{"drawMode":0,"name":"Shaded","section":"Shading Mode"},"sceneLighting":true,"audioPlay":false,"sceneViewState":{"showFog":true,"showMaterialUpdate":false,"showSkybox":false,"showFlares":true,"showImageEffects":true,"showParticleSystems":true},"in2DMode":false,"pivot":{"x":-76.67447662353516,"y":32.2818489074707,"z":-344.9178466796875},"rotation":{"x":-0.06158483028411865,"y":0.7052574753761292,"z":-0.06173273175954819,"w":-0.7035682201385498},"size":11.421529769897461,"orthographic":false}