{"cameraMode":{"drawMode":0,"name":"Shaded","section":"Shading Mode"},"sceneLighting":true,"audioPlay":false,"sceneViewState":{"showFog":true,"showMaterialUpdate":false,"showSkybox":false,"showFlares":true,"showImageEffects":true,"showParticleSystems":true},"in2DMode":false,"pivot":{"x":0.04725933074951172,"y":0.9934449195861816,"z":1.158876657485962},"rotation":{"x":0.019679836928844453,"y":0.9742984771728516,"z":-0.09412526339292526,"w":0.20371204614639283},"size":12.12435531616211,"orthographic":false}