{"cameraMode":{"drawMode":0,"name":"Shaded","section":"Shading Mode"},"sceneLighting":true,"audioPlay":false,"sceneViewState":{"showFog":true,"showMaterialUpdate":false,"showSkybox":false,"showFlares":true,"showImageEffects":true,"showParticleSystems":true},"in2DMode":false,"pivot":{"x":-866.9871826171875,"y":-1104.5465087890625,"z":-778.9400024414063},"rotation":{"x":0.019679836928844453,"y":0.9742984771728516,"z":-0.09412526339292526,"w":0.20371204614639283},"size":5.973857402801514,"orthographic":false}