{"cameraMode":{"drawMode":0,"name":"Shaded","section":"Shading Mode"},"sceneLighting":true,"audioPlay":false,"sceneViewState":{"showFog":true,"showMaterialUpdate":false,"showSkybox":true,"showFlares":true,"showImageEffects":true,"showParticleSystems":true},"in2DMode":false,"pivot":{"x":-1487.456298828125,"y":-926.9583129882813,"z":-763.1533203125},"rotation":{"x":0.19218194484710694,"y":-0.6616567969322205,"z":0.18120355904102326,"w":0.7017425298690796},"size":999.356689453125,"orthographic":false}