{"cameraMode":{"drawMode":0,"name":"Shaded","section":"Shading Mode"},"sceneLighting":true,"audioPlay":false,"sceneViewState":{"showFog":true,"showMaterialUpdate":false,"showSkybox":true,"showFlares":true,"showImageEffects":true,"showParticleSystems":true},"in2DMode":false,"pivot":{"x":0.2564055919647217,"y":2.3489086627960207,"z":2.4887375831604006},"rotation":{"x":-0.1651337593793869,"y":-0.1657267063856125,"z":0.028166024014353753,"w":-0.9718562364578247},"size":4.6886162757873539,"orthographic":false}