{"cameraMode":{"drawMode":0,"name":"Shaded","section":"Shading Mode"},"sceneLighting":true,"audioPlay":false,"sceneViewState":{"showFog":true,"showMaterialUpdate":false,"showSkybox":true,"showFlares":true,"showImageEffects":true,"showParticleSystems":true},"in2DMode":false,"pivot":{"x":-6.165725231170654,"y":2.2216410636901857,"z":3.381864547729492},"rotation":{"x":-0.16873422265052796,"y":0.1405261904001236,"z":-0.024304313585162164,"w":-0.9753075242042542},"size":9.614591598510743,"orthographic":false}