{"cameraMode":{"drawMode":0,"name":"Shaded","section":"Shading Mode"},"sceneLighting":true,"audioPlay":false,"sceneViewState":{"showFog":true,"showMaterialUpdate":false,"showSkybox":true,"showFlares":true,"showImageEffects":true,"showParticleSystems":true},"in2DMode":false,"pivot":{"x":2.902871608734131,"y":2.228257417678833,"z":0.6717530488967896},"rotation":{"x":-0.044403593987226489,"y":0.8279126882553101,"z":-0.0662151426076889,"w":-0.5551717281341553},"size":2.659104108810425,"orthographic":false}