{"cameraMode":{"drawMode":0,"name":"Shaded","section":"Shading Mode"},"sceneLighting":false,"audioPlay":false,"sceneViewState":{"showFog":true,"showMaterialUpdate":false,"showSkybox":false,"showFlares":true,"showImageEffects":true,"showParticleSystems":true},"in2DMode":false,"pivot":{"x":-0.022047996520996095,"y":0.42722004652023318,"z":-0.04405200481414795},"rotation":{"x":0.0161795262247324,"y":-0.9768432378768921,"z":0.1978224664926529,"w":0.07989419251680374},"size":0.9488694667816162,"orthographic":false}