{"cameraMode":{"drawMode":0,"name":"Shaded","section":"Shading Mode"},"sceneLighting":true,"audioPlay":false,"sceneViewState":{"showFog":true,"showMaterialUpdate":false,"showSkybox":false,"showFlares":true,"showImageEffects":true,"showParticleSystems":true},"in2DMode":false,"pivot":{"x":-27.579687118530275,"y":-14.927732467651368,"z":-511.2905578613281},"rotation":{"x":-0.2497701495885849,"y":0.22605988383293153,"z":-0.06009095907211304,"w":-0.9396284818649292},"size":29.928165435791017,"orthographic":false}