{"cameraMode":{"drawMode":0,"name":"Shaded","section":"Shading Mode"},"sceneLighting":false,"audioPlay":false,"sceneViewState":{"showFog":true,"showMaterialUpdate":false,"showSkybox":false,"showFlares":true,"showImageEffects":true,"showParticleSystems":true},"in2DMode":false,"pivot":{"x":0.0,"y":0.8898024559020996,"z":0.007383584976196289},"rotation":{"x":0.0161795262247324,"y":-0.9768432378768921,"z":0.1978224664926529,"w":0.07989419251680374},"size":2.091494560241699,"orthographic":false}