{"cameraMode":{"drawMode":0,"name":"Shaded","section":"Shading Mode"},"sceneLighting":false,"audioPlay":false,"sceneViewState":{"showFog":true,"showMaterialUpdate":true,"showSkybox":false,"showFlares":true,"showImageEffects":true,"showParticleSystems":true},"in2DMode":false,"pivot":{"x":483.1756896972656,"y":213.70297241210938,"z":-38.69962692260742},"rotation":{"x":0.004971859510987997,"y":0.8728464841842651,"z":0.008894930593669415,"w":-0.48788952827453616},"size":11.925186157226563,"orthographic":false}