{"cameraMode":{"drawMode":0,"name":"Shaded","section":"Shading Mode"},"sceneLighting":true,"audioPlay":false,"sceneViewState":{"showFog":true,"showMaterialUpdate":true,"showSkybox":true,"showFlares":true,"showImageEffects":true,"showParticleSystems":true},"in2DMode":false,"pivot":{"x":-29.243667602539064,"y":1.500000238418579,"z":30.345582962036134},"rotation":{"x":-0.07110802084207535,"y":0.6433917284011841,"z":-0.06020953133702278,"w":-0.7598477005958557},"size":5.633171558380127,"orthographic":false}