{"cameraMode":{"drawMode":0,"name":"Shaded","section":"Shading Mode"},"sceneLighting":false,"audioPlay":false,"sceneViewState":{"showFog":true,"showMaterialUpdate":false,"showSkybox":false,"showFlares":true,"showImageEffects":true,"showParticleSystems":true},"in2DMode":false,"pivot":{"x":0.9999998807907105,"y":0.23925192654132844,"z":3.0},"rotation":{"x":-0.07766062021255493,"y":-0.5015153288841248,"z":0.0452621690928936,"w":-0.860476016998291},"size":0.41778257489204409,"orthographic":false}