{"cameraMode":{"drawMode":0,"name":"Shaded","section":"Shading Mode"},"sceneLighting":false,"audioPlay":false,"sceneViewState":{"showFog":true,"showMaterialUpdate":false,"showSkybox":false,"showFlares":true,"showImageEffects":true,"showParticleSystems":true},"in2DMode":false,"pivot":{"x":-1.2030112743377686,"y":5.421522617340088,"z":-2.7086739540100099},"rotation":{"x":0.3072578012943268,"y":-0.0014328404795378447,"z":0.0004619134415406734,"w":0.9516284465789795},"size":2.019197702407837,"orthographic":false}