{"cameraMode":{"drawMode":0,"name":"Shaded","section":"Shading Mode"},"sceneLighting":false,"audioPlay":false,"sceneViewState":{"showFog":true,"showMaterialUpdate":false,"showSkybox":false,"showFlares":true,"showImageEffects":true,"showParticleSystems":true},"in2DMode":false,"pivot":{"x":1.0328289270401,"y":0.814689576625824,"z":2.0156736373901369},"rotation":{"x":-0.023502865806221963,"y":-0.20370839536190034,"z":0.004890393000096083,"w":-0.9787468314170837},"size":1.0011553764343262,"orthographic":false}