{"cameraMode":{"drawMode":0,"name":"Shaded","section":"Shading Mode"},"sceneLighting":false,"audioPlay":false,"sceneViewState":{"showFog":true,"showMaterialUpdate":false,"showSkybox":false,"showFlares":true,"showImageEffects":true,"showParticleSystems":true},"in2DMode":false,"pivot":{"x":-1.1920928955078126e-7,"y":1.079866886138916,"z":-0.9983916282653809},"rotation":{"x":0.08383174985647202,"y":0.1904149353504181,"z":-0.016317594796419145,"w":0.9779875874519348},"size":1.8632690906524659,"orthographic":false}