{"cameraMode":{"drawMode":0,"name":"Shaded","section":"Shading Mode"},"sceneLighting":false,"audioPlay":false,"sceneViewState":{"showFog":true,"showMaterialUpdate":false,"showSkybox":false,"showFlares":true,"showImageEffects":true,"showParticleSystems":true},"in2DMode":false,"pivot":{"x":-3.1342315673828127,"y":-14.237743377685547,"z":-5.296192169189453},"rotation":{"x":0.15699031949043275,"y":0.760334312915802,"z":-0.1996704488992691,"w":0.5978143811225891},"size":39.87462615966797,"orthographic":false}