{"cameraMode":{"drawMode":0,"name":"Shaded","section":"Shading Mode"},"sceneLighting":false,"audioPlay":false,"sceneViewState":{"showFog":true,"showMaterialUpdate":true,"showSkybox":false,"showFlares":true,"showImageEffects":true,"showParticleSystems":true},"in2DMode":false,"pivot":{"x":16.21000099182129,"y":0.5036818981170654,"z":4.013115882873535},"rotation":{"x":0.01678151823580265,"y":0.9034991264343262,"z":-0.42679640650749209,"w":0.03552663326263428},"size":1.0223544836044312,"orthographic":false}