{"cameraMode":{"drawMode":0,"name":"Shaded","section":"Shading Mode"},"sceneLighting":true,"audioPlay":false,"sceneViewState":{"showFog":true,"showMaterialUpdate":false,"showSkybox":true,"showFlares":true,"showImageEffects":true,"showParticleSystems":true},"in2DMode":false,"pivot":{"x":-10.04962158203125,"y":9.212350845336914,"z":34.98543167114258},"rotation":{"x":-0.10695046931505203,"y":0.20458513498306275,"z":-0.022495519369840623,"w":-0.9727382659912109},"size":45.8016357421875,"orthographic":false}