{"cameraMode":{"drawMode":0,"name":"Shaded","section":"Shading Mode"},"sceneLighting":true,"audioPlay":false,"sceneViewState":{"showFog":true,"showMaterialUpdate":true,"showSkybox":true,"showFlares":true,"showImageEffects":true,"showParticleSystems":true},"in2DMode":false,"pivot":{"x":16.352596282958986,"y":22.69527244567871,"z":6.694120407104492},"rotation":{"x":0.06823107600212097,"y":0.8194521069526672,"z":0.09979908913373947,"w":-0.5602558255195618},"size":34.273136138916019,"orthographic":false}