{"cameraMode":{"drawMode":0,"name":"Shaded","section":"Shading Mode"},"sceneLighting":false,"audioPlay":false,"sceneViewState":{"showFog":true,"showMaterialUpdate":false,"showSkybox":false,"showFlares":true,"showImageEffects":true,"showParticleSystems":true},"in2DMode":false,"pivot":{"x":-2.5934009552001955,"y":-0.04081881046295166,"z":-4.352592468261719},"rotation":{"x":0.019712762907147409,"y":-0.9545470476150513,"z":0.0648263469338417,"w":0.29026439785957339},"size":5.530128002166748,"orthographic":false}