{"cameraMode":{"drawMode":0,"name":"Shaded","section":"Shading Mode"},"sceneLighting":true,"audioPlay":false,"sceneViewState":{"showFog":true,"showMaterialUpdate":false,"showSkybox":true,"showFlares":true,"showImageEffects":true,"showParticleSystems":true},"in2DMode":false,"pivot":{"x":482.2059020996094,"y":274.43572998046877,"z":707.6612548828125},"rotation":{"x":0.1332894265651703,"y":-0.04220172390341759,"z":0.005680896807461977,"w":0.9901652932167053},"size":1699.3505859375,"orthographic":false}