{"cameraMode":{"drawMode":0,"name":"Shaded","section":"Shading Mode"},"sceneLighting":true,"audioPlay":false,"sceneViewState":{"showFog":true,"showMaterialUpdate":false,"showSkybox":false,"showFlares":true,"showImageEffects":true,"showParticleSystems":true},"in2DMode":false,"pivot":{"x":16.10483741760254,"y":0.49900004267692568,"z":4.077136516571045},"rotation":{"x":0.3484335243701935,"y":-0.4400911033153534,"z":0.19039422273635865,"w":0.8054000735282898},"size":5.2434210777282719,"orthographic":false}