{"cameraMode":{"drawMode":0,"name":"Shaded","section":"Shading Mode"},"sceneLighting":false,"audioPlay":false,"sceneViewState":{"showFog":true,"showMaterialUpdate":false,"showSkybox":false,"showFlares":true,"showImageEffects":true,"showParticleSystems":true},"in2DMode":false,"pivot":{"x":0.8285325765609741,"y":1.8588619232177735,"z":0.06717973947525025},"rotation":{"x":0.21559001505374909,"y":-0.7841782569885254,"z":0.42211657762527468,"w":0.400510311126709},"size":2.04719614982605,"orthographic":false}