{"cameraMode":{"drawMode":0,"name":"Shaded","section":"Shading Mode"},"sceneLighting":true,"audioPlay":false,"sceneViewState":{"showFog":true,"showMaterialUpdate":false,"showSkybox":true,"showFlares":true,"showImageEffects":true,"showParticleSystems":true},"in2DMode":false,"pivot":{"x":21.844520568847658,"y":28.536304473876954,"z":-18.244443893432618},"rotation":{"x":0.3484335243701935,"y":-0.4400911033153534,"z":0.19039422273635865,"w":0.8054000735282898},"size":7.658313751220703,"orthographic":false}