{"cameraMode":{"drawMode":0,"name":"Shaded","section":"Shading Mode"},"sceneLighting":true,"audioPlay":false,"sceneViewState":{"showFog":true,"showMaterialUpdate":false,"showSkybox":false,"showFlares":true,"showImageEffects":true,"showParticleSystems":true},"in2DMode":false,"pivot":{"x":-1.0162657499313355,"y":2.9250001907348635,"z":0.377636194229126},"rotation":{"x":-0.10333919525146485,"y":0.07363054156303406,"z":-0.0076708062551915649,"w":-0.9918885827064514},"size":1.545240879058838,"orthographic":false}