{"cameraMode":{"drawMode":0,"name":"Shaded","section":"Shading Mode"},"sceneLighting":true,"audioPlay":false,"sceneViewState":{"showFog":true,"showMaterialUpdate":false,"showSkybox":true,"showFlares":true,"showImageEffects":true,"showParticleSystems":true},"in2DMode":false,"pivot":{"x":99.02149200439453,"y":-56.74781036376953,"z":1758.268798828125},"rotation":{"x":-0.015308688394725323,"y":0.008095690980553627,"z":-0.0001236043026437983,"w":-0.999851644039154},"size":1402.686767578125,"orthographic":false}