{"cameraMode":{"drawMode":0,"name":"Shaded","section":"Shading Mode"},"sceneLighting":false,"audioPlay":false,"sceneViewState":{"showFog":true,"showMaterialUpdate":false,"showSkybox":false,"showFlares":true,"showImageEffects":true,"showParticleSystems":true},"in2DMode":false,"pivot":{"x":-0.8285325765609741,"y":1.8588619232177735,"z":0.06717973947525025},"rotation":{"x":0.03868565708398819,"y":-0.9612951278686523,"z":0.19617459177970887,"w":0.18956667184829713},"size":1106.3612060546875,"orthographic":false}