{"cameraMode":{"drawMode":0,"name":"Shaded","section":"Shading Mode"},"sceneLighting":true,"audioPlay":false,"sceneViewState":{"showFog":true,"showMaterialUpdate":false,"showSkybox":false,"showFlares":true,"showImageEffects":true,"showParticleSystems":true},"in2DMode":false,"pivot":{"x":-8.999994277954102,"y":2.1515307426452638,"z":-1.2753584384918213},"rotation":{"x":0.05397769808769226,"y":-0.9317967295646668,"z":0.15545247495174409,"w":0.32354313135147097},"size":13.031437873840332,"orthographic":false}