{"cameraMode":{"drawMode":0,"name":"Shaded","section":"Shading Mode"},"sceneLighting":false,"audioPlay":false,"sceneViewState":{"showFog":true,"showMaterialUpdate":false,"showSkybox":false,"showFlares":true,"showImageEffects":true,"showParticleSystems":true},"in2DMode":false,"pivot":{"x":2.999997615814209,"y":1.0798672437667847,"z":-4.76837158203125e-7},"rotation":{"x":0.20850780606269837,"y":-0.651817262172699,"z":0.19331049919128419,"w":0.703059732913971},"size":4.298255920410156,"orthographic":false}