{"cameraMode":{"drawMode":0,"name":"Shaded","section":"Shading Mode"},"sceneLighting":true,"audioPlay":false,"sceneViewState":{"showFog":true,"showMaterialUpdate":false,"showSkybox":false,"showFlares":true,"showImageEffects":true,"showParticleSystems":true},"in2DMode":false,"pivot":{"x":2.8858537673950197,"y":3.5915439128875734,"z":4.011504173278809},"rotation":{"x":-0.1481347382068634,"y":-0.6130982041358948,"z":0.11842646449804306,"w":-0.7669054865837097},"size":24.016904830932618,"orthographic":false}