{"cameraMode":{"drawMode":0,"name":"Shaded","section":"Shading Mode"},"sceneLighting":true,"audioPlay":false,"sceneViewState":{"showFog":true,"showMaterialUpdate":false,"showSkybox":false,"showFlares":true,"showImageEffects":true,"showParticleSystems":true},"in2DMode":false,"pivot":{"x":16.140939712524415,"y":0.8153638243675232,"z":4.135992050170898},"rotation":{"x":0.04190506786108017,"y":0.8736183047294617,"z":-0.07646988332271576,"w":0.47873690724372866},"size":2.2434206008911135,"orthographic":false}