{"cameraMode":{"drawMode":0,"name":"Shaded","section":"Shading Mode"},"sceneLighting":true,"audioPlay":false,"sceneViewState":{"showFog":true,"showMaterialUpdate":false,"showSkybox":false,"showFlares":true,"showImageEffects":true,"showParticleSystems":true},"in2DMode":false,"pivot":{"x":16.090307235717775,"y":0.5274327993392944,"z":4.02257776260376},"rotation":{"x":0.318652480840683,"y":-0.00427052890881896,"z":0.0014356313040480018,"w":0.9478648900985718},"size":1.6519469022750855,"orthographic":false}