{"cameraMode":{"drawMode":0,"name":"Shaded","section":"Shading Mode"},"sceneLighting":true,"audioPlay":false,"sceneViewState":{"showFog":true,"showMaterialUpdate":false,"showSkybox":false,"showFlares":true,"showImageEffects":true,"showParticleSystems":true},"in2DMode":false,"pivot":{"x":-84.14995574951172,"y":12.75741195678711,"z":-188.51512145996095},"rotation":{"x":-0.06761070340871811,"y":-0.9293032884597778,"z":0.21446560323238374,"w":-0.2929690182209015},"size":45.73369598388672,"orthographic":false}