{"cameraMode":{"drawMode":0,"name":"Shaded","section":"Shading Mode"},"sceneLighting":true,"audioPlay":false,"sceneViewState":{"showFog":true,"showMaterialUpdate":false,"showSkybox":false,"showFlares":true,"showImageEffects":true,"showParticleSystems":true},"in2DMode":false,"pivot":{"x":-66.05668640136719,"y":-10.230670928955079,"z":-22.827125549316408},"rotation":{"x":-0.11876869946718216,"y":-0.866801917552948,"z":0.24719849228858949,"w":-0.4164632260799408},"size":91.45133209228516,"orthographic":false}