{"cameraMode":{"drawMode":0,"name":"Shaded","section":"Shading Mode"},"sceneLighting":true,"audioPlay":false,"sceneViewState":{"showFog":true,"showMaterialUpdate":false,"showSkybox":true,"showFlares":true,"showImageEffects":true,"showParticleSystems":true},"in2DMode":false,"pivot":{"x":4.51566219329834,"y":20.659076690673829,"z":-232.5501251220703},"rotation":{"x":0.035673532634973529,"y":-0.9479034543037415,"z":0.11459533870220185,"w":0.29508280754089358},"size":8.287599563598633,"orthographic":false}