{"cameraMode":{"drawMode":0,"name":"Shaded","section":"Shading Mode"},"sceneLighting":true,"audioPlay":false,"sceneViewState":{"showFog":true,"showMaterialUpdate":false,"showSkybox":false,"showFlares":true,"showImageEffects":true,"showParticleSystems":true},"in2DMode":false,"pivot":{"x":-62.61201858520508,"y":21.471649169921876,"z":-370.2080078125},"rotation":{"x":-0.1481347382068634,"y":-0.6130982041358948,"z":0.11842646449804306,"w":-0.7669054865837097},"size":84.15223693847656,"orthographic":false}