{"cameraMode":{"drawMode":0,"name":"Shaded","section":"Shading Mode"},"sceneLighting":true,"audioPlay":false,"sceneViewState":{"showFog":true,"showMaterialUpdate":false,"showSkybox":true,"showFlares":true,"showImageEffects":true,"showParticleSystems":true},"in2DMode":false,"pivot":{"x":298.2738037109375,"y":-211.9549560546875,"z":108.98419952392578},"rotation":{"x":0.24369783699512483,"y":0.5517889261245728,"z":-0.17269061505794526,"w":0.7786694765090942},"size":196.70721435546876,"orthographic":false}