{"cameraMode":{"drawMode":0,"name":"Shaded","section":"Shading Mode"},"sceneLighting":true,"audioPlay":false,"sceneViewState":{"showFog":true,"showMaterialUpdate":false,"showSkybox":false,"showFlares":true,"showImageEffects":true,"showParticleSystems":true},"in2DMode":false,"pivot":{"x":4.842035293579102,"y":13.891250610351563,"z":-6.222578048706055},"rotation":{"x":0.09204316139221192,"y":0.8993404507637024,"z":-0.36057472229003909,"w":0.22957277297973634},"size":8.978924751281739,"orthographic":false}