{"cameraMode":{"drawMode":0,"name":"Shaded","section":"Shading Mode"},"sceneLighting":true,"audioPlay":false,"sceneViewState":{"showFog":true,"showMaterialUpdate":false,"showSkybox":false,"showFlares":true,"showImageEffects":true,"showParticleSystems":true},"in2DMode":false,"pivot":{"x":128.02096557617188,"y":-6.569252014160156,"z":-560.0112915039063},"rotation":{"x":-0.16305553913116456,"y":-0.8322575092315674,"z":0.32298997044563296,"w":-0.420066773891449},"size":34.99444580078125,"orthographic":false}