{"cameraMode":{"drawMode":0,"name":"Shaded","section":"Shading Mode"},"sceneLighting":true,"audioPlay":false,"sceneViewState":{"showFog":true,"showMaterialUpdate":false,"showSkybox":false,"showFlares":true,"showImageEffects":true,"showParticleSystems":true},"in2DMode":false,"pivot":{"x":57.194000244140628,"y":0.09146738052368164,"z":-0.7350001335144043},"rotation":{"x":-0.1481347382068634,"y":-0.6130982041358948,"z":0.11842646449804306,"w":-0.7669054865837097},"size":9.143339157104493,"orthographic":false}