{"cameraMode":{"drawMode":0,"name":"Shaded","section":"Shading Mode"},"sceneLighting":true,"audioPlay":false,"sceneViewState":{"showFog":true,"showMaterialUpdate":false,"showSkybox":false,"showFlares":true,"showImageEffects":true,"showParticleSystems":true},"in2DMode":false,"pivot":{"x":113.51583862304688,"y":9.723148345947266,"z":49.20956039428711},"rotation":{"x":-0.15042829513549806,"y":0.814996600151062,"z":-0.5039606690406799,"w":-0.24326543509960175},"size":4.067307472229004,"orthographic":false}