{"cameraMode":{"drawMode":0,"name":"Shaded","section":"Shading Mode"},"sceneLighting":true,"audioPlay":false,"sceneViewState":{"showFog":true,"showMaterialUpdate":false,"showSkybox":true,"showFlares":true,"showImageEffects":true,"showParticleSystems":true},"in2DMode":false,"pivot":{"x":-128.78343200683595,"y":-7.532321929931641,"z":-634.948486328125},"rotation":{"x":-0.20309840142726899,"y":-0.7292528748512268,"z":0.24443736672401429,"w":-0.6059693694114685},"size":39.364933013916019,"orthographic":false}