{"cameraMode":{"drawMode":0,"name":"Shaded","section":"Shading Mode"},"sceneLighting":true,"audioPlay":false,"sceneViewState":{"showFog":true,"showMaterialUpdate":false,"showSkybox":false,"showFlares":true,"showImageEffects":true,"showParticleSystems":true},"in2DMode":false,"pivot":{"x":-106.094970703125,"y":38.449737548828128,"z":-723.16552734375},"rotation":{"x":-0.4431855082511902,"y":-0.280686616897583,"z":0.14838755130767823,"w":-0.8383216857910156},"size":150.96791076660157,"orthographic":false}