{"cameraMode":{"drawMode":0,"name":"Shaded","section":"Shading Mode"},"sceneLighting":true,"audioPlay":false,"sceneViewState":{"showFog":true,"showMaterialUpdate":false,"showSkybox":false,"showFlares":true,"showImageEffects":true,"showParticleSystems":true},"in2DMode":false,"pivot":{"x":-104.52901458740235,"y":23.26457405090332,"z":-7.941650390625},"rotation":{"x":-0.11114470660686493,"y":0.8159403204917908,"z":-0.16727803647518159,"w":-0.5421372056007385},"size":7.1861348152160648,"orthographic":false}