{"cameraMode":{"drawMode":0,"name":"Shaded","section":"Shading Mode"},"sceneLighting":false,"audioPlay":false,"sceneViewState":{"showFog":true,"showMaterialUpdate":false,"showSkybox":false,"showFlares":true,"showImageEffects":true,"showParticleSystems":true},"in2DMode":false,"pivot":{"x":-0.022047996520996095,"y":0.42722004652023318,"z":-0.04405200481414795},"rotation":{"x":0.035673532634973529,"y":-0.9479034543037415,"z":0.11459533870220185,"w":0.29508280754089358},"size":0.9488694667816162,"orthographic":false}