{"cameraMode":{"drawMode":0,"name":"Shaded","section":"Shading Mode"},"sceneLighting":true,"audioPlay":false,"sceneViewState":{"showFog":true,"showMaterialUpdate":false,"showSkybox":false,"showFlares":true,"showImageEffects":true,"showParticleSystems":true},"in2DMode":false,"pivot":{"x":-1.0162657499313355,"y":2.9250001907348635,"z":0.377636194229126},"rotation":{"x":-0.2478993684053421,"y":0.7261092662811279,"z":-0.32583171129226687,"w":-0.5524079203605652},"size":1.2452409267425538,"orthographic":false}