{"cameraMode":{"drawMode":0,"name":"Shaded","section":"Shading Mode"},"sceneLighting":true,"audioPlay":false,"sceneViewState":{"showFog":true,"showMaterialUpdate":false,"showSkybox":false,"showFlares":true,"showImageEffects":true,"showParticleSystems":true},"in2DMode":false,"pivot":{"x":108.65599822998047,"y":9.994093894958496,"z":1.978170394897461},"rotation":{"x":-0.1481347382068634,"y":-0.6130982041358948,"z":0.11842646449804306,"w":-0.7669054865837097},"size":50.36396408081055,"orthographic":false}