{"cameraMode":{"drawMode":0,"name":"Shaded","section":"Shading Mode"},"sceneLighting":true,"audioPlay":false,"sceneViewState":{"showFog":true,"showMaterialUpdate":false,"showSkybox":false,"showFlares":true,"showImageEffects":true,"showParticleSystems":true},"in2DMode":false,"pivot":{"x":69.83056640625,"y":1.4207181930541993,"z":21.296951293945314},"rotation":{"x":-0.06846871227025986,"y":-0.7850388884544373,"z":0.08822572976350784,"w":-0.609302818775177},"size":1.607377052307129,"orthographic":false}