{"cameraMode":{"drawMode":0,"name":"Shaded","section":"Shading Mode"},"sceneLighting":true,"audioPlay":false,"sceneViewState":{"showFog":true,"showMaterialUpdate":false,"showSkybox":false,"showFlares":true,"showImageEffects":true,"showParticleSystems":true},"in2DMode":false,"pivot":{"x":-75.34562683105469,"y":29.90676498413086,"z":-172.244873046875},"rotation":{"x":-0.1481347382068634,"y":-0.6130982041358948,"z":0.11842646449804306,"w":-0.7669054865837097},"size":76.39788055419922,"orthographic":false}