{"cameraMode":{"drawMode":0,"name":"Shaded","section":"Shading Mode"},"sceneLighting":true,"audioPlay":false,"sceneViewState":{"showFog":true,"showMaterialUpdate":false,"showSkybox":false,"showFlares":true,"showImageEffects":true,"showParticleSystems":true},"in2DMode":false,"pivot":{"x":-83.93196868896485,"y":18.71428680419922,"z":2.797285556793213},"rotation":{"x":0.3391851484775543,"y":0.43527695536613467,"z":-0.1813756674528122,"w":0.8140003681182861},"size":7.1861348152160648,"orthographic":false}