{"cameraMode":{"drawMode":0,"name":"Shaded","section":"Shading Mode"},"sceneLighting":true,"audioPlay":false,"sceneViewState":{"showFog":true,"showMaterialUpdate":false,"showSkybox":false,"showFlares":true,"showImageEffects":true,"showParticleSystems":true},"in2DMode":false,"pivot":{"x":38.49199676513672,"y":6.2706499099731449,"z":-2.141159772872925},"rotation":{"x":-0.16940678656101228,"y":-0.6695653200149536,"z":0.1608874797821045,"w":-0.7050553560256958},"size":7.319523811340332,"orthographic":false}