{"cameraMode":{"drawMode":0,"name":"Shaded","section":"Shading Mode"},"sceneLighting":true,"audioPlay":false,"sceneViewState":{"showFog":true,"showMaterialUpdate":false,"showSkybox":false,"showFlares":true,"showImageEffects":true,"showParticleSystems":true},"in2DMode":false,"pivot":{"x":102.3222427368164,"y":10.378717422485352,"z":-2.3100483417510988},"rotation":{"x":-0.23378056287765504,"y":-0.21030133962631226,"z":0.05185377970337868,"w":-0.9478676915168762},"size":7.732583999633789,"orthographic":false}