{"cameraMode":{"drawMode":0,"name":"Shaded","section":"Shading Mode"},"sceneLighting":true,"audioPlay":false,"sceneViewState":{"showFog":true,"showMaterialUpdate":false,"showSkybox":false,"showFlares":true,"showImageEffects":true,"showParticleSystems":true},"in2DMode":false,"pivot":{"x":-17.061464309692384,"y":37.4931526184082,"z":40.275474548339847},"rotation":{"x":-0.00024259374185930938,"y":0.998300313949585,"z":0.004183442797511816,"w":0.05821361392736435},"size":7.717390060424805,"orthographic":false}