{"cameraMode":{"drawMode":0,"name":"Shaded","section":"Shading Mode"},"sceneLighting":true,"audioPlay":false,"sceneViewState":{"showFog":true,"showMaterialUpdate":false,"showSkybox":false,"showFlares":true,"showImageEffects":true,"showParticleSystems":true},"in2DMode":false,"pivot":{"x":62.280548095703128,"y":1.4059107303619385,"z":22.9097957611084},"rotation":{"x":0.06113344058394432,"y":-0.14299817383289338,"z":0.008850404992699623,"w":0.9878025054931641},"size":-1.3050024509429932,"orthographic":false}