{"cameraMode":{"drawMode":0,"name":"Shaded","section":"Shading Mode"},"sceneLighting":false,"audioPlay":false,"sceneViewState":{"showFog":true,"showMaterialUpdate":false,"showSkybox":false,"showFlares":true,"showImageEffects":true,"showParticleSystems":true},"in2DMode":false,"pivot":{"x":-5.21809720993042,"y":60.85895538330078,"z":-0.194061279296875},"rotation":{"x":-0.00031024953932501376,"y":0.002097646240144968,"z":-9.24806670354883e-7,"w":-0.9999982118606567},"size":143.73020935058595,"orthographic":false}