{"cameraMode":{"drawMode":0,"name":"Shaded","section":"Shading Mode"},"sceneLighting":true,"audioPlay":false,"sceneViewState":{"showFog":true,"showMaterialUpdate":false,"showSkybox":false,"showFlares":true,"showImageEffects":true,"showParticleSystems":true},"in2DMode":false,"pivot":{"x":36.757511138916019,"y":2.108112335205078,"z":-260.9743347167969},"rotation":{"x":-0.2489687204360962,"y":-0.5877225995063782,"z":0.19659966230392457,"w":-0.7442758083343506},"size":25.684173583984376,"orthographic":false}