{"cameraMode":{"drawMode":0,"name":"Shaded","section":"Shading Mode"},"sceneLighting":true,"audioPlay":false,"sceneViewState":{"showFog":true,"showMaterialUpdate":false,"showSkybox":true,"showFlares":true,"showImageEffects":true,"showParticleSystems":true},"in2DMode":false,"pivot":{"x":-10.577322006225586,"y":-0.44773292541503909,"z":23.030012130737306},"rotation":{"x":-0.1573958545923233,"y":0.7185565829277039,"z":-0.17265479266643525,"w":-0.6550519466400147},"size":20.878286361694337,"orthographic":false}