{"cameraMode":{"drawMode":0,"name":"Shaded","section":"Shading Mode"},"sceneLighting":false,"audioPlay":false,"sceneViewState":{"showFog":true,"showMaterialUpdate":false,"showSkybox":false,"showFlares":true,"showImageEffects":true,"showParticleSystems":true},"in2DMode":false,"pivot":{"x":16.21000099182129,"y":0.5036818981170654,"z":4.013115882873535},"rotation":{"x":0.4664066433906555,"y":0.21851836144924165,"z":-0.12008780986070633,"w":0.8487018346786499},"size":1.0223544836044312,"orthographic":false}