{"cameraMode":{"drawMode":0,"name":"Shaded","section":"Shading Mode"},"sceneLighting":false,"audioPlay":false,"sceneViewState":{"showFog":true,"showMaterialUpdate":false,"showSkybox":false,"showFlares":true,"showImageEffects":true,"showParticleSystems":true},"in2DMode":false,"pivot":{"x":187.83291625976563,"y":-55.27465057373047,"z":0.5388191342353821},"rotation":{"x":-0.00031024953932501376,"y":0.002097646240144968,"z":-9.24806670354883e-7,"w":-0.9999982118606567},"size":220.29171752929688,"orthographic":false}