{"cameraMode":{"drawMode":0,"name":"Shaded","section":"Shading Mode"},"sceneLighting":false,"audioPlay":false,"sceneViewState":{"showFog":true,"showMaterialUpdate":false,"showSkybox":false,"showFlares":true,"showImageEffects":true,"showParticleSystems":true},"in2DMode":false,"pivot":{"x":-1.0673102140426636,"y":-36.7742919921875,"z":1.5818748474121094},"rotation":{"x":0.4664066433906555,"y":0.21851836144924165,"z":-0.12008780986070633,"w":0.8487018346786499},"size":3.371121406555176,"orthographic":false}