{"cameraMode":{"drawMode":0,"name":"Shaded","section":"Shading Mode"},"sceneLighting":true,"audioPlay":false,"sceneViewState":{"showFog":true,"showMaterialUpdate":false,"showSkybox":false,"showFlares":true,"showImageEffects":true,"showParticleSystems":true},"in2DMode":false,"pivot":{"x":-1.1540002822875977,"y":-0.3540000915527344,"z":-1.0900001525878907},"rotation":{"x":0.26490825414657595,"y":-0.5133587121963501,"z":0.1703559309244156,"w":0.7982895374298096},"size":9.631092071533204,"orthographic":false}