{"cameraMode":{"drawMode":0,"name":"Shaded","section":"Shading Mode"},"sceneLighting":true,"audioPlay":false,"sceneViewState":{"showFog":true,"showMaterialUpdate":false,"showSkybox":false,"showFlares":true,"showImageEffects":true,"showParticleSystems":true},"in2DMode":false,"pivot":{"x":-0.08429622650146485,"y":2.932000160217285,"z":-1.068699836730957},"rotation":{"x":-0.019800465553998948,"y":0.027588171884417535,"z":-0.0005477063823491335,"w":-0.9994261860847473},"size":9.809271812438965,"orthographic":false}