{"cameraMode":{"drawMode":0,"name":"Shaded","section":"Shading Mode"},"sceneLighting":true,"audioPlay":false,"sceneViewState":{"showFog":true,"showMaterialUpdate":false,"showSkybox":false,"showFlares":true,"showImageEffects":true,"showParticleSystems":true},"in2DMode":false,"pivot":{"x":-4.463277816772461,"y":-29.083385467529298,"z":226.31680297851563},"rotation":{"x":-0.08415795862674713,"y":0.03496532887220383,"z":-0.0029558802489191295,"w":-0.9958366751670837},"size":154.0510711669922,"orthographic":false}