{"cameraMode":{"drawMode":0,"name":"Shaded","section":"Shading Mode"},"sceneLighting":true,"audioPlay":false,"sceneViewState":{"showFog":true,"showMaterialUpdate":false,"showSkybox":true,"showFlares":true,"showImageEffects":true,"showParticleSystems":true},"in2DMode":false,"pivot":{"x":81.63674926757813,"y":-25.561782836914064,"z":457.7484130859375},"rotation":{"x":-0.019800465553998948,"y":0.027588171884417535,"z":-0.0005477063823491335,"w":-0.9994261860847473},"size":1049.64111328125,"orthographic":false}