{"cameraMode":{"drawMode":0,"name":"Shaded","section":"Shading Mode"},"sceneLighting":true,"audioPlay":false,"sceneViewState":{"showFog":true,"showMaterialUpdate":false,"showSkybox":false,"showFlares":true,"showImageEffects":true,"showParticleSystems":true},"in2DMode":false,"pivot":{"x":5.110462188720703,"y":-12.470985412597657,"z":-333.1964111328125},"rotation":{"x":-0.2796313464641571,"y":0.3668082654476166,"z":-0.1166134923696518,"w":-0.8795815706253052},"size":50.706703186035159,"orthographic":false}