{"cameraMode":{"drawMode":0,"name":"Shaded","section":"Shading Mode"},"sceneLighting":false,"audioPlay":false,"sceneViewState":{"showFog":true,"showMaterialUpdate":false,"showSkybox":false,"showFlares":true,"showImageEffects":true,"showParticleSystems":true},"in2DMode":false,"pivot":{"x":1.0396842956542969,"y":2.7545394897460939,"z":-0.4905397891998291},"rotation":{"x":-0.019800465553998948,"y":0.027588171884417535,"z":-0.0005477063823491335,"w":-0.9994261860847473},"size":4.810961723327637,"orthographic":false}