{"cameraMode":{"drawMode":0,"name":"Shaded","section":"Shading Mode"},"sceneLighting":true,"audioPlay":false,"sceneViewState":{"showFog":true,"showMaterialUpdate":false,"showSkybox":false,"showFlares":true,"showImageEffects":true,"showParticleSystems":true},"in2DMode":false,"pivot":{"x":12.074756622314454,"y":0.0,"z":13.118438720703125},"rotation":{"x":-0.016807718202471734,"y":-0.009901467710733414,"z":0.00016532163135707378,"w":-0.9998127818107605},"size":18.186532974243165,"orthographic":false}