{"cameraMode":{"drawMode":0,"name":"Shaded","section":"Shading Mode"},"sceneLighting":true,"audioPlay":false,"sceneViewState":{"showFog":true,"showMaterialUpdate":false,"showSkybox":false,"showFlares":true,"showImageEffects":true,"showParticleSystems":true},"in2DMode":false,"pivot":{"x":-856.1522216796875,"y":66.02496337890625,"z":-393.0372314453125},"rotation":{"x":-0.1524108499288559,"y":0.27389755845069888,"z":-0.044006794691085818,"w":-0.9485875964164734},"size":32.160133361816409,"orthographic":false}