{"cameraMode":{"drawMode":0,"name":"Shaded","section":"Shading Mode"},"sceneLighting":true,"audioPlay":false,"sceneViewState":{"showFog":true,"showMaterialUpdate":false,"showSkybox":false,"showFlares":true,"showImageEffects":true,"showParticleSystems":true},"in2DMode":false,"pivot":{"x":-1.0162657499313355,"y":2.8790252208709719,"z":0.377636194229126},"rotation":{"x":-0.08415795862674713,"y":0.03496532887220383,"z":-0.0029558802489191295,"w":-0.9958366751670837},"size":1.2833499908447266,"orthographic":false}