{"cameraMode":{"drawMode":0,"name":"Shaded","section":"Shading Mode"},"sceneLighting":true,"audioPlay":false,"sceneViewState":{"showFog":true,"showMaterialUpdate":false,"showSkybox":false,"showFlares":true,"showImageEffects":true,"showParticleSystems":true},"in2DMode":false,"pivot":{"x":513.4898681640625,"y":-72.56497192382813,"z":0.9031486511230469},"rotation":{"x":-0.20855429768562318,"y":-0.25563034415245058,"z":0.056575335562229159,"w":-0.942317008972168},"size":681.8976440429688,"orthographic":false}