{"cameraMode":{"drawMode":0,"name":"Shaded","section":"Shading Mode"},"sceneLighting":true,"audioPlay":false,"sceneViewState":{"showFog":true,"showMaterialUpdate":false,"showSkybox":false,"showFlares":true,"showImageEffects":true,"showParticleSystems":true},"in2DMode":false,"pivot":{"x":-43.4805793762207,"y":-1.87957763671875,"z":-587.9903564453125},"rotation":{"x":0.031778283417224887,"y":0.9674635529518127,"z":-0.15693342685699464,"w":0.19591505825519563},"size":22.531269073486329,"orthographic":false}