{"cameraMode":{"drawMode":0,"name":"Shaded","section":"Shading Mode"},"sceneLighting":false,"audioPlay":false,"sceneViewState":{"showFog":true,"showMaterialUpdate":false,"showSkybox":false,"showFlares":true,"showImageEffects":true,"showParticleSystems":true},"in2DMode":false,"pivot":{"x":-4.257766246795654,"y":0.8028796911239624,"z":-3.418388843536377},"rotation":{"x":-0.07425938546657562,"y":0.921776294708252,"z":-0.30988213419914248,"w":-0.2208884358406067},"size":0.9684814214706421,"orthographic":false}