{"cameraMode":{"drawMode":0,"name":"Shaded","section":"Shading Mode"},"sceneLighting":true,"audioPlay":false,"sceneViewState":{"showFog":true,"showMaterialUpdate":false,"showSkybox":false,"showFlares":true,"showImageEffects":true,"showParticleSystems":true},"in2DMode":false,"pivot":{"x":-674.1776123046875,"y":-154.4833984375,"z":362.608154296875},"rotation":{"x":-0.30895864963531496,"y":0.6866369843482971,"z":-0.4160926938056946,"w":-0.509844183921814},"size":705.119384765625,"orthographic":false}