{"cameraMode":{"drawMode":0,"name":"Shaded","section":"Shading Mode"},"sceneLighting":false,"audioPlay":false,"sceneViewState":{"showFog":true,"showMaterialUpdate":false,"showSkybox":false,"showFlares":true,"showImageEffects":true,"showParticleSystems":true},"in2DMode":false,"pivot":{"x":-10.529614448547364,"y":4.209268093109131,"z":-0.9899921417236328},"rotation":{"x":-0.010364564135670662,"y":0.9768810868263245,"z":-0.04869852587580681,"w":-0.2079077661037445},"size":9.068264961242676,"orthographic":false}