{"cameraMode":{"drawMode":0,"name":"Shaded","section":"Shading Mode"},"sceneLighting":false,"audioPlay":false,"sceneViewState":{"showFog":true,"showMaterialUpdate":false,"showSkybox":false,"showFlares":true,"showImageEffects":true,"showParticleSystems":true},"in2DMode":false,"pivot":{"x":-0.01979905366897583,"y":0.4152609705924988,"z":0.0023927688598632814},"rotation":{"x":-0.25618475675582888,"y":0.5349505543708801,"z":-0.17379474639892579,"w":-0.7862595319747925},"size":1.6503361463546754,"orthographic":false}