{"cameraMode":{"drawMode":0,"name":"Shaded","section":"Shading Mode"},"sceneLighting":false,"audioPlay":false,"sceneViewState":{"showFog":true,"showMaterialUpdate":false,"showSkybox":false,"showFlares":true,"showImageEffects":true,"showParticleSystems":true},"in2DMode":false,"pivot":{"x":0.8732135891914368,"y":1.6341753005981446,"z":0.028740672394633294},"rotation":{"x":-0.02483735792338848,"y":0.950846254825592,"z":-0.2985173165798187,"w":-0.07890433073043823},"size":13.744441986083985,"orthographic":false}