{"cameraMode":{"drawMode":0,"name":"Shaded","section":"Shading Mode"},"sceneLighting":true,"audioPlay":false,"sceneViewState":{"showFog":true,"showMaterialUpdate":false,"showSkybox":true,"showFlares":true,"showImageEffects":true,"showParticleSystems":true},"in2DMode":false,"pivot":{"x":57.060638427734378,"y":2.9494516849517824,"z":0.8172721862792969},"rotation":{"x":0.1339564025402069,"y":0.6819397807121277,"z":-0.1292176991701126,"w":0.7073658108711243},"size":7.7791852951049809,"orthographic":false}