{"cameraMode":{"drawMode":0,"name":"Shaded","section":"Shading Mode"},"sceneLighting":false,"audioPlay":false,"sceneViewState":{"showFog":true,"showMaterialUpdate":false,"showSkybox":false,"showFlares":true,"showImageEffects":true,"showParticleSystems":true},"in2DMode":false,"pivot":{"x":111.25637817382813,"y":-11.864021301269532,"z":3.1063232421875},"rotation":{"x":-0.040078867226839069,"y":0.9112708568572998,"z":-0.40005066990852358,"w":-0.09035742282867432},"size":44.51636505126953,"orthographic":false}