{"cameraMode":{"drawMode":0,"name":"Shaded","section":"Shading Mode"},"sceneLighting":false,"audioPlay":false,"sceneViewState":{"showFog":true,"showMaterialUpdate":false,"showSkybox":false,"showFlares":true,"showImageEffects":true,"showParticleSystems":true},"in2DMode":false,"pivot":{"x":-16.481430053710939,"y":34.64105987548828,"z":28.72347640991211},"rotation":{"x":-0.013894449919462204,"y":-0.9730148315429688,"z":0.222418874502182,"w":-0.06186395511031151},"size":10.822278022766114,"orthographic":false}