{"cameraMode":{"drawMode":0,"name":"Shaded","section":"Shading Mode"},"sceneLighting":false,"audioPlay":false,"sceneViewState":{"showFog":true,"showMaterialUpdate":false,"showSkybox":false,"showFlares":true,"showImageEffects":true,"showParticleSystems":true},"in2DMode":false,"pivot":{"x":-9.5367431640625e-7,"y":1.808756709098816,"z":-0.0316007137298584},"rotation":{"x":-0.0398595854640007,"y":0.8888285160064697,"z":-0.07924224436283112,"w":-0.44970613718032839},"size":3.4973182678222658,"orthographic":false}