{"cameraMode":{"drawMode":0,"name":"Shaded","section":"Shading Mode"},"sceneLighting":false,"audioPlay":false,"sceneViewState":{"showFog":true,"showMaterialUpdate":false,"showSkybox":false,"showFlares":true,"showImageEffects":true,"showParticleSystems":true},"in2DMode":false,"pivot":{"x":-1.0162657499313355,"y":2.9250001907348635,"z":0.377636194229126},"rotation":{"x":0.11381452530622482,"y":0.8542289137840271,"z":-0.21068325638771058,"w":0.46146875619888308},"size":3.9452404975891115,"orthographic":false}