{"cameraMode":{"drawMode":0,"name":"Shaded","section":"Shading Mode"},"sceneLighting":true,"audioPlay":false,"sceneViewState":{"showFog":true,"showMaterialUpdate":false,"showSkybox":true,"showFlares":true,"showImageEffects":true,"showParticleSystems":true},"in2DMode":false,"pivot":{"x":129.39794921875,"y":-50.85151672363281,"z":48.977333068847659},"rotation":{"x":-0.1984415352344513,"y":-0.6037183403968811,"z":0.1585424840450287,"w":-0.7556576728820801},"size":127.4165267944336,"orthographic":false}