{"cameraMode":{"drawMode":0,"name":"Shaded","section":"Shading Mode"},"sceneLighting":true,"audioPlay":false,"sceneViewState":{"showFog":true,"showMaterialUpdate":false,"showSkybox":false,"showFlares":true,"showImageEffects":true,"showParticleSystems":true},"in2DMode":false,"pivot":{"x":-1.07501220703125,"y":-4.160944938659668,"z":-1.6304817199707032},"rotation":{"x":-0.011411011219024659,"y":-0.982032299041748,"z":0.17749299108982087,"w":-0.063140869140625},"size":12.12435531616211,"orthographic":false}