{"cameraMode":{"drawMode":0,"name":"Shaded","section":"Shading Mode"},"sceneLighting":true,"audioPlay":false,"sceneViewState":{"showFog":true,"showMaterialUpdate":false,"showSkybox":false,"showFlares":true,"showImageEffects":true,"showParticleSystems":true},"in2DMode":false,"pivot":{"x":2.6131319999694826,"y":2.6658239364624025,"z":4.975521087646484},"rotation":{"x":-0.06382986903190613,"y":-0.9336254000663757,"z":0.2110428363084793,"w":-0.2823798954486847},"size":10.560118675231934,"orthographic":false}