{"cameraMode":{"drawMode":0,"name":"Shaded","section":"Shading Mode"},"sceneLighting":true,"audioPlay":false,"sceneViewState":{"showFog":true,"showMaterialUpdate":false,"showSkybox":false,"showFlares":true,"showImageEffects":true,"showParticleSystems":true},"in2DMode":false,"pivot":{"x":-0.3066953122615814,"y":0.038205623626708987,"z":-3.135066032409668},"rotation":{"x":-0.002566505689173937,"y":-0.9930630326271057,"z":0.11552369594573975,"w":-0.022055624052882196},"size":3.900907278060913,"orthographic":false}