{"cameraMode":{"drawMode":0,"name":"Shaded","section":"Shading Mode"},"sceneLighting":false,"audioPlay":false,"sceneViewState":{"showFog":true,"showMaterialUpdate":false,"showSkybox":false,"showFlares":true,"showImageEffects":true,"showParticleSystems":true},"in2DMode":false,"pivot":{"x":0.3701035976409912,"y":3.550171136856079,"z":0.17077982425689698},"rotation":{"x":-0.0017432165332138539,"y":-0.8500530123710632,"z":0.0028138726484030487,"w":-0.5266939401626587},"size":3.3073947429656984,"orthographic":false}