{"cameraMode":{"drawMode":0,"name":"Shaded","section":"Shading Mode"},"sceneLighting":true,"audioPlay":false,"sceneViewState":{"showFog":true,"showMaterialUpdate":false,"showSkybox":false,"showFlares":true,"showImageEffects":true,"showParticleSystems":true},"in2DMode":false,"pivot":{"x":0.04725933074951172,"y":0.9934449195861816,"z":1.158876657485962},"rotation":{"x":-0.06382986903190613,"y":-0.9336254000663757,"z":0.2110428363084793,"w":-0.2823798954486847},"size":5.463500499725342,"orthographic":false}