{"cameraMode":{"drawMode":0,"name":"Shaded","section":"Shading Mode"},"sceneLighting":false,"audioPlay":false,"sceneViewState":{"showFog":true,"showMaterialUpdate":false,"showSkybox":false,"showFlares":true,"showImageEffects":true,"showParticleSystems":true},"in2DMode":false,"pivot":{"x":0.05915868282318115,"y":1.3011155128479005,"z":-0.5302891731262207},"rotation":{"x":-0.08761648088693619,"y":-0.9069738388061523,"z":0.3386053144931793,"w":-0.23468902707099915},"size":2.6886723041534426,"orthographic":false}