{"cameraMode":{"drawMode":0,"name":"Shaded","section":"Shading Mode"},"sceneLighting":false,"audioPlay":false,"sceneViewState":{"showFog":true,"showMaterialUpdate":false,"showSkybox":false,"showFlares":true,"showImageEffects":true,"showParticleSystems":true},"in2DMode":false,"pivot":{"x":0.5669999718666077,"y":1.747999906539917,"z":-0.5499999523162842},"rotation":{"x":-0.02430611662566662,"y":0.009594155475497246,"z":-0.00023329045507125556,"w":-0.9996591210365295},"size":3.4641029834747316,"orthographic":false}