{"cameraMode":{"drawMode":0,"name":"Shaded","section":"Shading Mode"},"sceneLighting":true,"audioPlay":false,"sceneViewState":{"showFog":true,"showMaterialUpdate":false,"showSkybox":false,"showFlares":true,"showImageEffects":true,"showParticleSystems":true},"in2DMode":false,"pivot":{"x":-0.999265730381012,"y":3.0329999923706056,"z":0.9976361989974976},"rotation":{"x":-0.02430611662566662,"y":0.009594155475497246,"z":-0.00023329045507125556,"w":-0.9996591210365295},"size":10.0,"orthographic":false}