{"cameraMode":{"drawMode":0,"name":"Shaded","section":"Shading Mode"},"sceneLighting":false,"audioPlay":false,"sceneViewState":{"showFog":true,"showMaterialUpdate":false,"showSkybox":false,"showFlares":true,"showImageEffects":true,"showParticleSystems":true},"in2DMode":false,"pivot":{"x":114.0225830078125,"y":-5.3585357666015629,"z":57.51553726196289},"rotation":{"x":0.4507238566875458,"y":0.5492497086524963,"z":-0.4938221275806427,"w":0.5013135075569153},"size":21.807159423828126,"orthographic":false}