{"cameraMode":{"drawMode":0,"name":"Shaded","section":"Shading Mode"},"sceneLighting":true,"audioPlay":false,"sceneViewState":{"showFog":true,"showMaterialUpdate":false,"showSkybox":false,"showFlares":true,"showImageEffects":true,"showParticleSystems":true},"in2DMode":false,"pivot":{"x":-1.016265869140625,"y":3.4689998626708986,"z":0.7876358032226563},"rotation":{"x":-0.22379516065120698,"y":0.466145396232605,"z":-0.1231614351272583,"w":-0.8470275402069092},"size":24.24871063232422,"orthographic":false}