{"cameraMode":{"drawMode":0,"name":"Shaded","section":"Shading Mode"},"sceneLighting":true,"audioPlay":false,"sceneViewState":{"showFog":true,"showMaterialUpdate":false,"showSkybox":false,"showFlares":true,"showImageEffects":true,"showParticleSystems":true},"in2DMode":false,"pivot":{"x":-1.3808096647262574,"y":3.4034738540649416,"z":0.5308879017829895},"rotation":{"x":-0.11185865849256516,"y":0.7287506461143494,"z":-0.12270289659500122,"w":-0.6643450856208801},"size":3.3753416538238527,"orthographic":false}