{"cameraMode":{"drawMode":0,"name":"Shaded","section":"Shading Mode"},"sceneLighting":false,"audioPlay":false,"sceneViewState":{"showFog":true,"showMaterialUpdate":false,"showSkybox":false,"showFlares":true,"showImageEffects":true,"showParticleSystems":true},"in2DMode":false,"pivot":{"x":-3.542330741882324,"y":2.3716437816619875,"z":-2.4526119232177736},"rotation":{"x":0.012484453618526459,"y":0.9854372143745422,"z":-0.08327946811914444,"w":0.14772595465183259},"size":6.689055442810059,"orthographic":false}