{"cameraMode":{"drawMode":0,"name":"Shaded","section":"Shading Mode"},"sceneLighting":true,"audioPlay":false,"sceneViewState":{"showFog":true,"showMaterialUpdate":false,"showSkybox":false,"showFlares":true,"showImageEffects":true,"showParticleSystems":true},"in2DMode":false,"pivot":{"x":-5.840893745422363,"y":15.195884704589844,"z":-18.64974594116211},"rotation":{"x":0.006776975002139807,"y":0.9645593166351318,"z":-0.26260337233543398,"w":0.024892089888453485},"size":4.962314128875732,"orthographic":false}