{"cameraMode":{"drawMode":0,"name":"Shaded","section":"Shading Mode"},"sceneLighting":true,"audioPlay":false,"sceneViewState":{"showFog":true,"showMaterialUpdate":false,"showSkybox":false,"showFlares":true,"showImageEffects":true,"showParticleSystems":true},"in2DMode":false,"pivot":{"x":-88.3900146484375,"y":-2.65505313873291,"z":13.509446144104004},"rotation":{"x":-0.37894192337989809,"y":0.23158341646194459,"z":-0.098542220890522,"w":-0.8905415534973145},"size":9.371432304382325,"orthographic":false}