{"cameraMode":{"drawMode":0,"name":"Shaded","section":"Shading Mode"},"sceneLighting":false,"audioPlay":false,"sceneViewState":{"showFog":false,"showMaterialUpdate":false,"showSkybox":false,"showFlares":false,"showImageEffects":false,"showParticleSystems":false},"in2DMode":false,"pivot":{"x":52.107749938964847,"y":-21.669479370117189,"z":-546.5675659179688},"rotation":{"x":-0.1824120432138443,"y":-0.8177284002304077,"z":0.3862285315990448,"w":-0.38592180609703066},"size":84.14888000488281,"orthographic":false}