{"cameraMode":{"drawMode":0,"name":"Shaded","section":"Shading Mode"},"sceneLighting":true,"audioPlay":false,"sceneViewState":{"showFog":true,"showMaterialUpdate":false,"showSkybox":false,"showFlares":true,"showImageEffects":true,"showParticleSystems":true},"in2DMode":false,"pivot":{"x":-27.036975860595704,"y":-11.199771881103516,"z":3.6136741638183595},"rotation":{"x":-0.49235808849334719,"y":0.006016937550157309,"z":-0.00340289156883955,"w":-0.8703671097755432},"size":61.36787796020508,"orthographic":false}