{"cameraMode":{"drawMode":0,"name":"Shaded","section":"Shading Mode"},"sceneLighting":true,"audioPlay":false,"sceneViewState":{"showFog":true,"showMaterialUpdate":false,"showSkybox":false,"showFlares":true,"showImageEffects":true,"showParticleSystems":true},"in2DMode":false,"pivot":{"x":-118.68928527832031,"y":5.759073734283447,"z":-161.39317321777345},"rotation":{"x":-0.016983922570943834,"y":0.9714269042015076,"z":-0.07329654693603516,"w":-0.22509677708148957},"size":9.42296028137207,"orthographic":false}