{"cameraMode":{"drawMode":0,"name":"Shaded","section":"Shading Mode"},"sceneLighting":false,"audioPlay":false,"sceneViewState":{"showFog":true,"showMaterialUpdate":false,"showSkybox":false,"showFlares":true,"showImageEffects":true,"showParticleSystems":true},"in2DMode":false,"pivot":{"x":0.0,"y":0.8898024559020996,"z":0.007383584976196289},"rotation":{"x":0.007509985938668251,"y":0.980811595916748,"z":-0.03857529163360596,"w":0.19097140431404115},"size":2.091494560241699,"orthographic":false}