{"cameraMode":{"drawMode":0,"name":"Shaded","section":"Shading Mode"},"sceneLighting":true,"audioPlay":false,"sceneViewState":{"showFog":true,"showMaterialUpdate":false,"showSkybox":false,"showFlares":true,"showImageEffects":true,"showParticleSystems":true},"in2DMode":false,"pivot":{"x":-2.25311017036438,"y":3.0798838138580324,"z":-1.1568598747253419},"rotation":{"x":-0.02567935176193714,"y":0.916109561920166,"z":-0.05945570021867752,"w":-0.39566582441329958},"size":5.107395172119141,"orthographic":false}