{"cameraMode":{"drawMode":0,"name":"Shaded","section":"Shading Mode"},"sceneLighting":false,"audioPlay":false,"sceneViewState":{"showFog":true,"showMaterialUpdate":false,"showSkybox":false,"showFlares":true,"showImageEffects":true,"showParticleSystems":true},"in2DMode":false,"pivot":{"x":-0.6860940456390381,"y":2.0626111030578615,"z":-0.06231844425201416},"rotation":{"x":-0.0076041677966713909,"y":0.9392101168632507,"z":0.020844941958785058,"w":0.342626690864563},"size":4.932742595672607,"orthographic":false}