{"cameraMode":{"drawMode":0,"name":"Shaded","section":"Shading Mode"},"sceneLighting":false,"audioPlay":false,"sceneViewState":{"showFog":true,"showMaterialUpdate":false,"showSkybox":false,"showFlares":true,"showImageEffects":true,"showParticleSystems":true},"in2DMode":false,"pivot":{"x":4.76837158203125e-7,"y":2.3913607597351076,"z":1.043081283569336e-7},"rotation":{"x":0.17712931334972382,"y":-0.39788466691970827,"z":0.07858268916606903,"w":0.8967505097389221},"size":4.775508880615234,"orthographic":false}