{"cameraMode":{"drawMode":0,"name":"Shaded","section":"Shading Mode"},"sceneLighting":false,"audioPlay":false,"sceneViewState":{"showFog":false,"showMaterialUpdate":false,"showSkybox":false,"showFlares":false,"showImageEffects":false,"showParticleSystems":false},"in2DMode":false,"pivot":{"x":-27.86093521118164,"y":23.112791061401368,"z":-412.0372619628906},"rotation":{"x":0.051127608865499499,"y":-0.936005711555481,"z":0.1533026099205017,"w":0.3127933740615845},"size":7.004565715789795,"orthographic":false}