{"cameraMode":{"drawMode":0,"name":"Shaded","section":"Shading Mode"},"sceneLighting":true,"audioPlay":false,"sceneViewState":{"showFog":true,"showMaterialUpdate":false,"showSkybox":false,"showFlares":true,"showImageEffects":true,"showParticleSystems":true},"in2DMode":false,"pivot":{"x":-53.491554260253909,"y":9.392416954040528,"z":-23.627483367919923},"rotation":{"x":0.6947212219238281,"y":0.01725318655371666,"z":-0.0166732519865036,"w":0.7188795804977417},"size":107.63556671142578,"orthographic":false}