{"cameraMode":{"drawMode":0,"name":"Shaded","section":"Shading Mode"},"sceneLighting":true,"audioPlay":false,"sceneViewState":{"showFog":true,"showMaterialUpdate":false,"showSkybox":false,"showFlares":true,"showImageEffects":true,"showParticleSystems":true},"in2DMode":false,"pivot":{"x":-16.420669555664064,"y":23.274837493896486,"z":-74.14618682861328},"rotation":{"x":0.01908867619931698,"y":0.8733803033828735,"z":-0.48545295000076296,"w":0.03434212505817413},"size":17.54561424255371,"orthographic":false}