{"cameraMode":{"drawMode":0,"name":"Shaded","section":"Shading Mode"},"sceneLighting":false,"audioPlay":false,"sceneViewState":{"showFog":true,"showMaterialUpdate":false,"showSkybox":false,"showFlares":true,"showImageEffects":true,"showParticleSystems":true},"in2DMode":false,"pivot":{"x":0.5669999718666077,"y":1.747999906539917,"z":-0.5499999523162842},"rotation":{"x":-0.17162105441093446,"y":0.593292236328125,"z":-0.13130781054496766,"w":-0.7754412889480591},"size":3.4641029834747316,"orthographic":false}