{"cameraMode":{"drawMode":0,"name":"Shaded","section":"Shading Mode"},"sceneLighting":true,"audioPlay":false,"sceneViewState":{"showFog":true,"showMaterialUpdate":false,"showSkybox":true,"showFlares":true,"showImageEffects":true,"showParticleSystems":true},"in2DMode":false,"pivot":{"x":-227.07266235351563,"y":18.84549903869629,"z":-54.3852424621582},"rotation":{"x":-0.014988066628575325,"y":-0.7111886143684387,"z":0.015147324651479721,"w":-0.7026901245117188},"size":18.856252670288087,"orthographic":false}