{"cameraMode":{"drawMode":0,"name":"Shaded","section":"Shading Mode"},"sceneLighting":true,"audioPlay":false,"sceneViewState":{"showFog":true,"showMaterialUpdate":false,"showSkybox":false,"showFlares":true,"showImageEffects":true,"showParticleSystems":true},"in2DMode":false,"pivot":{"x":-60.66938018798828,"y":-5.771697998046875,"z":-364.44677734375},"rotation":{"x":0.6947212219238281,"y":0.01725318655371666,"z":-0.0166732519865036,"w":0.7188795804977417},"size":74.46084594726563,"orthographic":false}