{"cameraMode":{"drawMode":0,"name":"Shaded","section":"Shading Mode"},"sceneLighting":true,"audioPlay":false,"sceneViewState":{"showFog":true,"showMaterialUpdate":false,"showSkybox":false,"showFlares":true,"showImageEffects":true,"showParticleSystems":true},"in2DMode":false,"pivot":{"x":-3.105898857116699,"y":2.4457836151123049,"z":-2.567283868789673},"rotation":{"x":-0.04333905503153801,"y":0.9351302981376648,"z":-0.12302643060684204,"w":-0.32942211627960207},"size":2.70739483833313,"orthographic":false}