{"cameraMode":{"drawMode":0,"name":"Shaded","section":"Shading Mode"},"sceneLighting":false,"audioPlay":false,"sceneViewState":{"showFog":true,"showMaterialUpdate":false,"showSkybox":false,"showFlares":true,"showImageEffects":true,"showParticleSystems":true},"in2DMode":false,"pivot":{"x":-2.980232238769531e-7,"y":-2.607086420059204,"z":-0.06975114345550537},"rotation":{"x":-0.0076041677966713909,"y":0.9392101168632507,"z":0.020844941958785058,"w":0.342626690864563},"size":6.818779945373535,"orthographic":false}