{"cameraMode":{"drawMode":0,"name":"Shaded","section":"Shading Mode"},"sceneLighting":true,"audioPlay":false,"sceneViewState":{"showFog":true,"showMaterialUpdate":false,"showSkybox":false,"showFlares":true,"showImageEffects":true,"showParticleSystems":true},"in2DMode":false,"pivot":{"x":-0.9202642440795898,"y":20.62267303466797,"z":-8.565556526184082},"rotation":{"x":0.44285932183265688,"y":-0.5070096254348755,"z":0.34264543652534487,"w":0.6552951335906982},"size":17.64473533630371,"orthographic":false}