{"cameraMode":{"drawMode":0,"name":"Shaded","section":"Shading Mode"},"sceneLighting":false,"audioPlay":false,"sceneViewState":{"showFog":true,"showMaterialUpdate":false,"showSkybox":false,"showFlares":true,"showImageEffects":true,"showParticleSystems":true},"in2DMode":false,"pivot":{"x":0.8743381500244141,"y":0.9462092518806458,"z":-1.5645055770874024},"rotation":{"x":-0.0076041677966713909,"y":0.9392101168632507,"z":0.020844941958785058,"w":0.342626690864563},"size":3.31725811958313,"orthographic":false}