{"cameraMode":{"drawMode":0,"name":"Shaded","section":"Shading Mode"},"sceneLighting":true,"audioPlay":false,"sceneViewState":{"showFog":true,"showMaterialUpdate":false,"showSkybox":true,"showFlares":true,"showImageEffects":true,"showParticleSystems":true},"in2DMode":false,"pivot":{"x":-15.580751419067383,"y":42.71038055419922,"z":-88.02372741699219},"rotation":{"x":-0.07235264778137207,"y":0.8595724701881409,"z":-0.4896615445613861,"w":-0.12701115012168885},"size":10.387578010559082,"orthographic":false}