{"cameraMode":{"drawMode":0,"name":"Shaded","section":"Shading Mode"},"sceneLighting":true,"audioPlay":false,"sceneViewState":{"showFog":true,"showMaterialUpdate":false,"showSkybox":false,"showFlares":true,"showImageEffects":true,"showParticleSystems":true},"in2DMode":false,"pivot":{"x":0.7730739116668701,"y":10.853342056274414,"z":0.7745532989501953},"rotation":{"x":0.02514680102467537,"y":0.9690290093421936,"z":-0.11125443875789643,"w":0.2190367579460144},"size":4.563500881195068,"orthographic":false}