{"cameraMode":{"drawMode":0,"name":"Shaded","section":"Shading Mode"},"sceneLighting":true,"audioPlay":false,"sceneViewState":{"showFog":true,"showMaterialUpdate":false,"showSkybox":false,"showFlares":true,"showImageEffects":true,"showParticleSystems":true},"in2DMode":false,"pivot":{"x":-0.688719630241394,"y":2.9556405544281008,"z":1.407431721687317},"rotation":{"x":0.01441223081201315,"y":0.7172713279724121,"z":0.014843283221125603,"w":-0.6964884996414185},"size":1.0633172988891602,"orthographic":false}