{"cameraMode":{"drawMode":0,"name":"Shaded","section":"Shading Mode"},"sceneLighting":true,"audioPlay":false,"sceneViewState":{"showFog":true,"showMaterialUpdate":false,"showSkybox":false,"showFlares":true,"showImageEffects":true,"showParticleSystems":true},"in2DMode":false,"pivot":{"x":0.7176809906959534,"y":1.311115026473999,"z":0.4550929069519043},"rotation":{"x":0.007509985938668251,"y":0.980811595916748,"z":-0.03857529163360596,"w":0.19097140431404115},"size":2.1635000705718996,"orthographic":false}