{"cameraMode":{"drawMode":0,"name":"Shaded","section":"Shading Mode"},"sceneLighting":true,"audioPlay":false,"sceneViewState":{"showFog":true,"showMaterialUpdate":false,"showSkybox":false,"showFlares":true,"showImageEffects":true,"showParticleSystems":true},"in2DMode":false,"pivot":{"x":2.4276695251464845,"y":21.185688018798829,"z":-5.72524356842041},"rotation":{"x":0.433388352394104,"y":-0.4060860872268677,"z":0.22811393439769746,"w":0.7715136408805847},"size":34.73268508911133,"orthographic":false}