{"cameraMode":{"drawMode":0,"name":"Shaded","section":"Shading Mode"},"sceneLighting":true,"audioPlay":false,"sceneViewState":{"showFog":true,"showMaterialUpdate":false,"showSkybox":false,"showFlares":true,"showImageEffects":true,"showParticleSystems":true},"in2DMode":false,"pivot":{"x":-3.6750974655151369,"y":1.1791458129882813,"z":2.1917061805725099},"rotation":{"x":-0.17297117412090302,"y":0.6873543858528137,"z":-0.1739075928926468,"w":-0.6836541891098023},"size":7.5430498123168949,"orthographic":false}