{"cameraMode":{"drawMode":0,"name":"Shaded","section":"Shading Mode"},"sceneLighting":false,"audioPlay":false,"sceneViewState":{"showFog":true,"showMaterialUpdate":false,"showSkybox":false,"showFlares":true,"showImageEffects":true,"showParticleSystems":true},"in2DMode":false,"pivot":{"x":22.969999313354493,"y":-1.1070556640625,"z":-1.8400001525878907},"rotation":{"x":0.433388352394104,"y":-0.4060860872268677,"z":0.22811393439769746,"w":0.7715136408805847},"size":9.563253402709961,"orthographic":false}