{"cameraMode":{"drawMode":0,"name":"Shaded","section":"Shading Mode"},"sceneLighting":false,"audioPlay":false,"sceneViewState":{"showFog":true,"showMaterialUpdate":false,"showSkybox":false,"showFlares":true,"showImageEffects":true,"showParticleSystems":true},"in2DMode":false,"pivot":{"x":-0.3390359878540039,"y":-0.27386605739593508,"z":-0.9705715179443359},"rotation":{"x":0.05850069597363472,"y":0.9039690494537354,"z":-0.1313602179288864,"w":0.40269529819488528},"size":3.917257785797119,"orthographic":false}