{"cameraMode":{"drawMode":0,"name":"Shaded","section":"Shading Mode"},"sceneLighting":true,"audioPlay":false,"sceneViewState":{"showFog":true,"showMaterialUpdate":false,"showSkybox":true,"showFlares":true,"showImageEffects":true,"showParticleSystems":true},"in2DMode":false,"pivot":{"x":-80.36474609375,"y":-144.85943603515626,"z":403.4208679199219},"rotation":{"x":0.1839638650417328,"y":-0.35087475180625918,"z":0.07050822675228119,"w":0.9154684543609619},"size":196.40835571289063,"orthographic":false}