{"cameraMode":{"drawMode":0,"name":"Shaded","section":"Shading Mode"},"sceneLighting":true,"audioPlay":false,"sceneViewState":{"showFog":true,"showMaterialUpdate":false,"showSkybox":false,"showFlares":true,"showImageEffects":true,"showParticleSystems":true},"in2DMode":false,"pivot":{"x":0.04725933074951172,"y":2.963444709777832,"z":1.158876657485962},"rotation":{"x":-0.022799337282776834,"y":-0.02757990173995495,"z":0.0006390943890437484,"w":-0.9993775486946106},"size":12.12435531616211,"orthographic":false}