{"cameraMode":{"drawMode":0,"name":"Shaded","section":"Shading Mode"},"sceneLighting":true,"audioPlay":false,"sceneViewState":{"showFog":true,"showMaterialUpdate":false,"showSkybox":false,"showFlares":true,"showImageEffects":true,"showParticleSystems":true},"in2DMode":false,"pivot":{"x":-0.6168136596679688,"y":3.849278450012207,"z":8.270041465759278},"rotation":{"x":0.218474343419075,"y":0.6969277262687683,"z":-0.2377992868423462,"w":0.6403548717498779},"size":5.9963059425354,"orthographic":false}