{"cameraMode":{"drawMode":0,"name":"Shaded","section":"Shading Mode"},"sceneLighting":false,"audioPlay":false,"sceneViewState":{"showFog":true,"showMaterialUpdate":false,"showSkybox":false,"showFlares":true,"showImageEffects":true,"showParticleSystems":true},"in2DMode":false,"pivot":{"x":3.924408435821533,"y":-0.14643806219100953,"z":53.67398452758789},"rotation":{"x":-0.02430569939315319,"y":0.009908628650009632,"z":-0.0002413854090264067,"w":-0.9996618032455444},"size":2.8243908882141115,"orthographic":false}