{"cameraMode":{"drawMode":0,"name":"Shaded","section":"Shading Mode"},"sceneLighting":false,"audioPlay":false,"sceneViewState":{"showFog":true,"showMaterialUpdate":false,"showSkybox":false,"showFlares":true,"showImageEffects":true,"showParticleSystems":true},"in2DMode":false,"pivot":{"x":11.78072738647461,"y":-0.004261136054992676,"z":13.438252449035645},"rotation":{"x":-0.21465855836868287,"y":0.3706231415271759,"z":-0.08846740424633026,"w":-0.8993082642555237},"size":2.0939877033233644,"orthographic":false}