{"cameraMode":{"drawMode":0,"name":"Shaded","section":"Shading Mode"},"sceneLighting":false,"audioPlay":false,"sceneViewState":{"showFog":true,"showMaterialUpdate":false,"showSkybox":false,"showFlares":true,"showImageEffects":true,"showParticleSystems":true},"in2DMode":false,"pivot":{"x":16.21000099182129,"y":0.5036818981170654,"z":4.013115882873535},"rotation":{"x":0.4244241714477539,"y":-0.071862131357193,"z":0.03381602466106415,"w":0.9019789695739746},"size":1.622354507446289,"orthographic":false}