{"cameraMode":{"drawMode":0,"name":"Shaded","section":"Shading Mode"},"sceneLighting":true,"audioPlay":false,"sceneViewState":{"showFog":true,"showMaterialUpdate":false,"showSkybox":true,"showFlares":true,"showImageEffects":true,"showParticleSystems":true},"in2DMode":false,"pivot":{"x":486.4817199707031,"y":155.58436584472657,"z":221.049072265625},"rotation":{"x":-0.003269983921200037,"y":-0.15150579810142518,"z":0.0005127991898916662,"w":-0.9884649515151978},"size":943.4169311523438,"orthographic":false}