{"cameraMode":{"drawMode":0,"name":"Shaded","section":"Shading Mode"},"sceneLighting":false,"audioPlay":false,"sceneViewState":{"showFog":true,"showMaterialUpdate":false,"showSkybox":false,"showFlares":true,"showImageEffects":true,"showParticleSystems":true},"in2DMode":false,"pivot":{"x":-1.016265869140625,"y":-37.599998474121097,"z":0.377636194229126},"rotation":{"x":-0.2146158367395401,"y":-0.01083054207265377,"z":0.002377762459218502,"w":-0.9766466617584229},"size":9.548529624938965,"orthographic":false}