{"cameraMode":{"drawMode":0,"name":"Shaded","section":"Shading Mode"},"sceneLighting":true,"audioPlay":false,"sceneViewState":{"showFog":true,"showMaterialUpdate":false,"showSkybox":true,"showFlares":true,"showImageEffects":true,"showParticleSystems":true},"in2DMode":false,"pivot":{"x":191.0855712890625,"y":-128.78509521484376,"z":178.34654235839845},"rotation":{"x":0.5299719572067261,"y":0.18724839389324189,"z":-0.12129493802785874,"w":0.8181413412094116},"size":106.34932708740235,"orthographic":false}