{"cameraMode":{"drawMode":0,"name":"Shaded","section":"Shading Mode"},"sceneLighting":true,"audioPlay":false,"sceneViewState":{"showFog":true,"showMaterialUpdate":false,"showSkybox":false,"showFlares":true,"showImageEffects":true,"showParticleSystems":true},"in2DMode":false,"pivot":{"x":137.93495178222657,"y":20.608901977539064,"z":-8.611098289489746},"rotation":{"x":-0.14243608713150025,"y":0.5092616081237793,"z":-0.0859011560678482,"w":-0.8443964123725891},"size":-6.027099132537842,"orthographic":false}