{"cameraMode":{"drawMode":0,"name":"Shaded","section":"Shading Mode"},"sceneLighting":true,"audioPlay":false,"sceneViewState":{"showFog":true,"showMaterialUpdate":false,"showSkybox":true,"showFlares":true,"showImageEffects":true,"showParticleSystems":true},"in2DMode":false,"pivot":{"x":159.1730499267578,"y":17.978599548339845,"z":20.737571716308595},"rotation":{"x":0.0695742815732956,"y":-0.9021254777908325,"z":0.15886090695858003,"w":0.39508935809135439},"size":14.480964660644532,"orthographic":false}