{"cameraMode":{"drawMode":0,"name":"Shaded","section":"Shading Mode"},"sceneLighting":true,"audioPlay":false,"sceneViewState":{"showFog":true,"showMaterialUpdate":false,"showSkybox":false,"showFlares":true,"showImageEffects":true,"showParticleSystems":true},"in2DMode":false,"pivot":{"x":2.4001779556274416,"y":13.0626220703125,"z":5.4601263999938969},"rotation":{"x":-0.0678524449467659,"y":-0.9074788689613342,"z":0.16120792925357819,"w":-0.3819586932659149},"size":9.286210060119629,"orthographic":false}