{"cameraMode":{"drawMode":0,"name":"Shaded","section":"Shading Mode"},"sceneLighting":false,"audioPlay":false,"sceneViewState":{"showFog":true,"showMaterialUpdate":false,"showSkybox":false,"showFlares":true,"showImageEffects":true,"showParticleSystems":true},"in2DMode":false,"pivot":{"x":-0.2427809238433838,"y":0.7721250057220459,"z":1.4383803606033326},"rotation":{"x":0.042468324303627017,"y":-0.544730007648468,"z":-0.027636392042040826,"w":-0.8370805382728577},"size":3.7641029357910158,"orthographic":false}