{"cameraMode":{"drawMode":0,"name":"Shaded","section":"Shading Mode"},"sceneLighting":false,"audioPlay":false,"sceneViewState":{"showFog":true,"showMaterialUpdate":false,"showSkybox":false,"showFlares":true,"showImageEffects":true,"showParticleSystems":true},"in2DMode":false,"pivot":{"x":-0.656956672668457,"y":0.344268798828125,"z":1.1327576637268067},"rotation":{"x":-0.33036813139915469,"y":0.3966073989868164,"z":-0.15557017922401429,"w":-0.8422333002090454},"size":2.7360804080963136,"orthographic":false}