{"cameraMode":{"drawMode":0,"name":"Shaded","section":"Shading Mode"},"sceneLighting":false,"audioPlay":false,"sceneViewState":{"showFog":true,"showMaterialUpdate":false,"showSkybox":false,"showFlares":true,"showImageEffects":true,"showParticleSystems":true},"in2DMode":false,"pivot":{"x":12.074756622314454,"y":2.384185791015625e-7,"z":13.118438720703125},"rotation":{"x":-0.08099502325057984,"y":-0.9173476696014404,"z":0.24532166123390199,"w":-0.30287399888038638},"size":3.8320505619049074,"orthographic":false}