{"cameraMode":{"drawMode":0,"name":"Shaded","section":"Shading Mode"},"sceneLighting":true,"audioPlay":false,"sceneViewState":{"showFog":true,"showMaterialUpdate":false,"showSkybox":false,"showFlares":true,"showImageEffects":true,"showParticleSystems":true},"in2DMode":false,"pivot":{"x":-0.08106070011854172,"y":2.9455015659332277,"z":1.2377122640609742},"rotation":{"x":-0.030302003026008607,"y":0.01409050915390253,"z":-0.000427106861025095,"w":-0.9994415044784546},"size":10.0,"orthographic":false}