{"cameraMode":{"drawMode":0,"name":"Shaded","section":"Shading Mode"},"sceneLighting":false,"audioPlay":false,"sceneViewState":{"showFog":true,"showMaterialUpdate":false,"showSkybox":false,"showFlares":true,"showImageEffects":true,"showParticleSystems":true},"in2DMode":false,"pivot":{"x":33.271549224853519,"y":-5.328821182250977,"z":11.602230072021485},"rotation":{"x":-0.3663139045238495,"y":-0.08825000375509262,"z":0.03483695536851883,"w":-0.9256755709648132},"size":4.75946044921875,"orthographic":false}