{"cameraMode":{"drawMode":0,"name":"Shaded","section":"Shading Mode"},"sceneLighting":false,"audioPlay":false,"sceneViewState":{"showFog":true,"showMaterialUpdate":false,"showSkybox":false,"showFlares":true,"showImageEffects":true,"showParticleSystems":true},"in2DMode":false,"pivot":{"x":102.6365966796875,"y":-2.2595481872558595,"z":-627.0621948242188},"rotation":{"x":-0.20115411281585694,"y":0.05051757022738457,"z":-0.010388074442744255,"w":-0.9782012104988098},"size":9.14335823059082,"orthographic":false}