{"cameraMode":{"drawMode":0,"name":"Shaded","section":"Shading Mode"},"sceneLighting":false,"audioPlay":false,"sceneViewState":{"showFog":true,"showMaterialUpdate":false,"showSkybox":false,"showFlares":true,"showImageEffects":true,"showParticleSystems":true},"in2DMode":false,"pivot":{"x":56.3659782409668,"y":-0.3172168731689453,"z":0.1877117156982422},"rotation":{"x":-0.37728410959243777,"y":0.11951546370983124,"z":-0.04917050153017044,"w":-0.9170361757278442},"size":8.250004768371582,"orthographic":false}