{"cameraMode":{"drawMode":0,"name":"Shaded","section":"Shading Mode"},"sceneLighting":true,"audioPlay":false,"sceneViewState":{"showFog":true,"showMaterialUpdate":false,"showSkybox":false,"showFlares":true,"showImageEffects":true,"showParticleSystems":true},"in2DMode":false,"pivot":{"x":118.98832702636719,"y":-11.244258880615235,"z":71.5401611328125},"rotation":{"x":0.16511689126491548,"y":0.019195642322301866,"z":-0.0031676895450800659,"w":0.9860976338386536},"size":59.08985137939453,"orthographic":false}