{"cameraMode":{"drawMode":0,"name":"Shaded","section":"Shading Mode"},"sceneLighting":true,"audioPlay":false,"sceneViewState":{"showFog":true,"showMaterialUpdate":false,"showSkybox":true,"showFlares":true,"showImageEffects":true,"showParticleSystems":true},"in2DMode":false,"pivot":{"x":2248.21923828125,"y":952.462158203125,"z":2324.75048828125},"rotation":{"x":-0.00030958064598962665,"y":0.0005974340019747615,"z":-9.901463471351235e-8,"w":-0.9999998807907105},"size":2261.6328125,"orthographic":false}