{"cameraMode":{"drawMode":0,"name":"Shaded","section":"Shading Mode"},"sceneLighting":true,"audioPlay":false,"sceneViewState":{"showFog":true,"showMaterialUpdate":false,"showSkybox":false,"showFlares":true,"showImageEffects":true,"showParticleSystems":true},"in2DMode":false,"pivot":{"x":-42.97034454345703,"y":20.403772354125978,"z":-173.60643005371095},"rotation":{"x":-0.016608936712145807,"y":0.7292218804359436,"z":0.017721781507134439,"w":0.6838548183441162},"size":28.814760208129884,"orthographic":false}