{"cameraMode":{"drawMode":0,"name":"Shaded","section":"Shading Mode"},"sceneLighting":false,"audioPlay":false,"sceneViewState":{"showFog":true,"showMaterialUpdate":false,"showSkybox":false,"showFlares":true,"showImageEffects":true,"showParticleSystems":true},"in2DMode":false,"pivot":{"x":-112.3656997680664,"y":2.490406036376953,"z":-162.72984313964845},"rotation":{"x":-0.33679118752479555,"y":-0.4302476942539215,"z":0.17701129615306855,"w":-0.8186126947402954},"size":8.864480972290039,"orthographic":false}