{"cameraMode":{"drawMode":0,"name":"Shaded","section":"Shading Mode"},"sceneLighting":true,"audioPlay":false,"sceneViewState":{"showFog":true,"showMaterialUpdate":false,"showSkybox":false,"showFlares":true,"showImageEffects":true,"showParticleSystems":true},"in2DMode":false,"pivot":{"x":180.36630249023438,"y":5.932862758636475,"z":29.65093231201172},"rotation":{"x":0.043243903666734698,"y":0.6412597298622131,"z":-0.036168888211250308,"w":0.7652702331542969},"size":22.641944885253908,"orthographic":false}