{"cameraMode":{"drawMode":0,"name":"Shaded","section":"Shading Mode"},"sceneLighting":true,"audioPlay":false,"sceneViewState":{"showFog":true,"showMaterialUpdate":false,"showSkybox":true,"showFlares":true,"showImageEffects":true,"showParticleSystems":true},"in2DMode":false,"pivot":{"x":7.481717109680176,"y":4.0035810470581059,"z":-42.16006088256836},"rotation":{"x":-0.05517107620835304,"y":-0.9429944753646851,"z":0.19981899857521058,"w":-0.2603660225868225},"size":6.003987789154053,"orthographic":false}