{"cameraMode":{"drawMode":0,"name":"Shaded","section":"Shading Mode"},"sceneLighting":true,"audioPlay":false,"sceneViewState":{"showFog":true,"showMaterialUpdate":false,"showSkybox":false,"showFlares":true,"showImageEffects":true,"showParticleSystems":true},"in2DMode":false,"pivot":{"x":-61.618343353271487,"y":25.613712310791017,"z":-376.44873046875},"rotation":{"x":-0.5104164481163025,"y":0.12218467891216278,"z":-0.07354182004928589,"w":-0.8480198979377747},"size":1.1797118186950684,"orthographic":false}