{"cameraMode":{"drawMode":0,"name":"Shaded","section":"Shading Mode"},"sceneLighting":false,"audioPlay":false,"sceneViewState":{"showFog":true,"showMaterialUpdate":false,"showSkybox":false,"showFlares":true,"showImageEffects":true,"showParticleSystems":true},"in2DMode":false,"pivot":{"x":6.525210857391357,"y":-0.42561662197113039,"z":-7.953143119812012},"rotation":{"x":-0.026217404752969743,"y":-0.9500976800918579,"z":0.08316441625356674,"w":-0.2995242774486542},"size":12.278759002685547,"orthographic":false}