{"cameraMode":{"drawMode":0,"name":"Shaded","section":"Shading Mode"},"sceneLighting":true,"audioPlay":false,"sceneViewState":{"showFog":true,"showMaterialUpdate":false,"showSkybox":true,"showFlares":true,"showImageEffects":true,"showParticleSystems":true},"in2DMode":false,"pivot":{"x":11.00805950164795,"y":1.0999999046325684,"z":11.899293899536133},"rotation":{"x":0.28857240080833437,"y":0.5206865668296814,"z":-0.19260647892951966,"w":0.7800846099853516},"size":52.88294219970703,"orthographic":false}