{"cameraMode":{"drawMode":0,"name":"Shaded","section":"Shading Mode"},"sceneLighting":true,"audioPlay":false,"sceneViewState":{"showFog":true,"showMaterialUpdate":false,"showSkybox":true,"showFlares":true,"showImageEffects":true,"showParticleSystems":true},"in2DMode":false,"pivot":{"x":243.25234985351563,"y":190.19068908691407,"z":710.935302734375},"rotation":{"x":-0.030302003026008607,"y":0.01409050915390253,"z":-0.000427106861025095,"w":-0.9994415044784546},"size":1267.169189453125,"orthographic":false}