{"cameraMode":{"drawMode":0,"name":"Shaded","section":"Shading Mode"},"sceneLighting":true,"audioPlay":false,"sceneViewState":{"showFog":true,"showMaterialUpdate":false,"showSkybox":false,"showFlares":true,"showImageEffects":true,"showParticleSystems":true},"in2DMode":false,"pivot":{"x":17.772838592529298,"y":3.8822062015533449,"z":23.017250061035158},"rotation":{"x":0.06412510573863983,"y":0.5049680471420288,"z":-0.03760337457060814,"w":0.8599503040313721},"size":9.612045288085938,"orthographic":false}