{"cameraMode":{"drawMode":0,"name":"Shaded","section":"Shading Mode"},"sceneLighting":true,"audioPlay":false,"sceneViewState":{"showFog":true,"showMaterialUpdate":false,"showSkybox":true,"showFlares":true,"showImageEffects":true,"showParticleSystems":true},"in2DMode":false,"pivot":{"x":0.55059814453125,"y":-423.360595703125,"z":244.0127716064453},"rotation":{"x":-0.4980781078338623,"y":0.21431885659694673,"z":-0.12855927646160127,"w":-0.8303372859954834},"size":268.51007080078127,"orthographic":false}