{"cameraMode":{"drawMode":0,"name":"Shaded","section":"Shading Mode"},"sceneLighting":true,"audioPlay":false,"sceneViewState":{"showFog":true,"showMaterialUpdate":false,"showSkybox":false,"showFlares":true,"showImageEffects":true,"showParticleSystems":true},"in2DMode":false,"pivot":{"x":119.17547607421875,"y":-17.269216537475587,"z":42.683128356933597},"rotation":{"x":-0.25202253460884097,"y":-0.44548624753952029,"z":0.132265105843544,"w":-0.8488492965698242},"size":44.35423278808594,"orthographic":false}