{"cameraMode":{"drawMode":0,"name":"Shaded","section":"Shading Mode"},"sceneLighting":true,"audioPlay":false,"sceneViewState":{"showFog":true,"showMaterialUpdate":false,"showSkybox":false,"showFlares":true,"showImageEffects":true,"showParticleSystems":true},"in2DMode":false,"pivot":{"x":2.8858537673950197,"y":3.5915439128875734,"z":4.011504173278809},"rotation":{"x":-0.06152523681521416,"y":0.08880975097417832,"z":-0.005496091675013304,"w":-0.9941316843032837},"size":12.577632904052735,"orthographic":false}