{"cameraMode":{"drawMode":0,"name":"Shaded","section":"Shading Mode"},"sceneLighting":true,"audioPlay":false,"sceneViewState":{"showFog":true,"showMaterialUpdate":false,"showSkybox":false,"showFlares":true,"showImageEffects":true,"showParticleSystems":true},"in2DMode":false,"pivot":{"x":-80.0453872680664,"y":14.903892517089844,"z":-363.9275207519531},"rotation":{"x":0.08227861672639847,"y":-0.9055759906768799,"z":0.3614988923072815,"w":0.20611320436000825},"size":28.154640197753908,"orthographic":false}